file	fac1	fac2	fac3	fac4	fac5	fac6
t000000	2	5	0	-3	1	3
t000001	0	0	2	0	0	0
t000002	0	1	71	-9	0	0
t000003	0	3	3	-1	2	-2
t000004	0	0	7	0	1	0
t000005	1	9	2	-1	3	-1
t000006	0	1	2	0	1	0
t000007	1	1	0	2	0	0
t000008	0	1	3	0	0	0
t000009	0	15	1	-1	1	0
t000010	5	4	6	-3	1	0
t000011	0	3	0	0	0	-1
t000012	1	4	0	0	0	0
t000013	1	11	1	-1	1	0
t000014	0	1	9	-12	0	0
t000015	0	9	2	-2	1	0
t000016	0	1	11	-1	1	0
t000017	1	3	0	0	0	0
t000018	0	1	9	0	0	0
t000019	2	12	6	-1	0	0
t000020	1	2	0	-1	2	17
t000021	1	6	1	-1	0	0
t000022	0	10	1	0	0	0
t000023	0	13	1	-1	0	-4
t000024	0	1	2	-1	0	0
t000025	2	4	1	-1	0	1
t000026	0	3	26	-1	0	0
t000027	0	6	0	0	0	0
t000028	0	7	3	2	0	0
t000029	0	2	0	0	0	0
t000030	0	20	0	0	0	4
t000031	0	1	11	-2	0	0
t000032	0	2	10	-4	1	-7
t000033	0	8	1	1	0	0
t000034	1	11	1	-1	0	-1
t000035	3	15	1	0	1	2
t000036	1	0	3	-5	0	2
t000037	1	7	3	0	0	0
t000038	1	5	3	-1	1	0
t000039	1	10	0	0	0	0
t000040	0	3	0	0	0	0
t000041	0	2	0	0	0	9
t000042	0	3	1	0	0	-1
t000043	0	8	7	-3	0	0
t000044	0	7	1	0	0	0
t000045	0	10	0	-2	2	6
t000046	0	3	0	0	0	1
t000047	0	1	1	0	1	0
t000048	0	0	4	0	1	0
t000049	0	4	0	0	2	0
t000050	0	4	0	0	0	-1
t000051	0	3	0	-1	0	0
t000052	0	5	1	-2	0	-3
t000053	0	0	0	0	4	0
t000054	0	1	1	0	11	0
t000055	0	5	10	-7	0	0
t000056	0	2	1	0	0	0
t000057	0	0	0	0	0	0
t000058	0	2	2	0	0	0
t000059	0	1	1	0	0	0
t000060	1	0	-1	0	0	0
t000061	0	0	2	0	0	0
t000062	0	5	1	-1	0	0
t000063	0	15	0	0	0	-2
t000064	0	2	4	-3	1	-2
t000065	3	9	5	-1	0	0
t000066	13	4	4	-1	0	0
t000067	1	0	1	0	0	0
t000068	1	1	0	0	0	0
t000069	0	18	1	-3	1	0
t000070	1	0	5	-10	0	0
t000071	0	2	5	-3	0	-3
t000072	0	0	3	0	2	0
t000073	0	1	0	0	0	0
t000074	-1	3	4	-8	0	-30
t000075	-1	4	2	-7	0	-1
t000076	0	0	11	-7	0	0
t000077	0	5	22	0	0	-1
t000078	4	0	3	0	1	0
t000079	-1	2	0	-2	1	0
t000080	0	3	90	-3	2	0
t000081	0	0	0	-2	0	0
t000082	2	1	1	-1	0	0
t000083	0	6	1	-2	1	13
t000084	-2	-7	2	0	0	0
t000085	0	5	2	-2	0	0
t000086	1	6	0	-1	0	-3
t000087	0	1	1	0	2	0
t000088	0	3	3	0	0	-2
t000089	1	2	0	0	0	0
t000090	0	10	1	0	0	0
t000091	0	2	0	-1	0	-4
t000092	1	7	-3	0	0	2
t000093	1	2	1	-3	27	-2
t000094	0	39	11	-18	0	1
t000095	0	5	3	-1	1	-1
t000096	-2	4	9	-5	0	-2
t000097	0	0	2	1	0	0
t000098	-2	23	4	-2	0	-2
t000099	0	4	2	0	0	5
t000100	0	12	5	-1	7	0
t000101	0	5	0	0	0	0
t000102	0	2	-20	0	0	-2
t000103	1	7	1	0	1	0
t000104	0	8	0	0	0	0
t000105	0	16	1	0	0	0
t000106	0	0	3	0	-4	0
t000107	1	8	0	0	0	-2
t000108	1	0	9	-7	0	-1
t000109	0	5	1	1	1	-2
t000110	0	4	0	-12	0	-7
t000111	0	9	0	-1	0	-1
t000112	0	10	-11	-6	3	-51
t000113	-1	20	0	0	1	0
t000114	0	4	1	0	0	-2
t000115	1	11	2	-1	0	0
t000116	1	4	1	0	9	0
t000117	-1	42	12	-3	0	0
t000118	0	1	2	0	0	0
t000119	0	11	3	0	0	0
t000120	-18	4	10	-1	-1	0
t000121	0	6	0	0	0	0
t000122	0	2	1	-2	0	0
t000123	0	1	0	0	0	-1
t000124	1	2	0	4	0	0
t000125	0	5	0	0	0	0
t000126	0	2	5	-2	0	-1
t000127	0	2	4	0	0	-1
t000128	0	0	12	-5	1	-6
t000129	0	1	8	1	9	0
t000130	1	10	3	0	0	0
t000131	-1	2	8	-2	1	-1
t000132	0	3	1	0	0	0
t000133	0	6	3	0	0	-7
t000134	0	4	2	-3	0	-2
t000135	0	3	4	-2	0	0
t000136	0	0	2	-20	0	0
t000137	0	5	0	0	0	0
t000138	0	7	0	0	1	3
t000139	0	3	11	-19	0	-3
t000140	0	4	24	0	0	-12
t000141	0	3	5	-1	-1	0
t000142	-1	8	0	-3	0	-6
t000143	-1	1	28	-6	0	-9
t000144	2	3	1	0	1	0
t000145	0	2	15	-4	0	0
t000146	0	2	0	-1	0	0
t000147	0	4	53	-5	1	0
t000148	1	6	4	0	0	4
t000149	2	8	12	-3	1	-1
t000150	3	-57	7	-8	-22	0
t000151	1	8	2	-3	0	2
t000152	0	11	5	0	0	0
t000153	1	-11	58	-4	0	0
t000154	2	4	-6	-2	0	-5
t000155	0	5	0	0	0	0
t000156	0	0	11	-20	0	-9
t000157	-1	1	0	-14	0	-11
t000158	0	3	0	-1	0	-2
t000159	0	7	4	-1	0	-1
t000160	0	7	12	-1	2	0
t000161	0	6	1	-2	1	-5
t000162	0	20	3	-1	1	0
t000163	-2	13	0	-3	0	-3
t000164	1	2	1	-1	1	-2
t000165	0	9	2	-8	0	0
t000166	0	2	1	0	0	0
t000167	0	1	0	0	0	0
t000168	0	12	0	-1	0	-1
t000169	0	11	13	-5	0	0
t000170	0	3	1	-1	0	0
t000171	0	49	1	-1	0	0
t000172	0	4	5	-3	0	0
t000173	0	2	16	-10	1	0
t000174	4	6	0	-1	0	-1
t000175	-1	5	5	-4	1	0
t000176	0	1	1	0	0	0
t000177	0	26	-5	-6	0	-1
t000178	1	7	3	-8	0	-2
t000179	0	1	1	-1	1	0
t000180	0	3	9	-8	2	-9
t000181	0	2	2	0	2	0
t000182	0	16	21	-3	0	12
t000183	2	18	0	0	0	3
t000184	0	4	0	-16	0	-31
t000185	0	8	1	-9	-2	0
t000186	0	3	0	-2	0	0
t000187	0	0	0	0	1	1
t000188	1	8	-6	-11	2	-1
t000189	1	48	10	-2	0	0
t000190	0	3	-2	0	0	0
t000191	0	2	1	0	0	0
t000192	0	0	0	0	0	0
t000193	0	12	1	-2	0	-4
t000194	0	7	0	-8	0	-1
t000195	0	4	1	-2	1	0
t000196	1	10	0	-1	0	0
t000197	0	7	1	0	0	1
t000198	0	6	0	0	0	0
t000199	0	7	5	-3	0	-10
t000200	-1	3	1	-27	0	-1
t000201	0	1	6	-1	0	0
t000202	3	9	0	-6	0	0
t000203	2	2	6	0	0	0
t000204	0	0	0	0	-1	0
t000205	0	6	-1	0	2	-2
t000206	0	1	4	-1	0	0
t000207	0	3	0	0	0	-2
t000208	0	6	9	0	-1	-3
t000209	-2	10	3	0	-1	-1
t000210	0	1	0	0	0	0
t000211	0	6	3	-1	0	-4
t000212	-1	5	16	0	0	0
t000213	5	6	0	-3	-1	0
t000214	-1	7	3	1	0	-4
t000215	0	8	0	0	0	0
t000216	-1	0	46	-8	1	-4
t000217	0	3	3	0	0	-4
t000218	0	6	3	0	1	0
t000219	0	0	0	0	0	0
t000220	0	7	0	0	0	21
t000221	0	7	0	-1	-1	-2
t000222	2	0	3	-1	4	-1
t000223	0	3	8	-3	0	0
t000224	0	3	1	1	-1	-1
t000225	1	1	2	-2	0	-1
t000226	0	1	0	-1	0	0
t000227	-1	8	0	-2	3	-1
t000228	0	1	6	-1	0	-4
t000229	0	10	11	-2	0	-2
t000230	0	12	0	0	1	-1
t000231	0	2	0	0	0	0
t000232	1	80	1	-1	29	-1
t000233	0	3	6	-1	1	-1
t000234	1	10	5	0	2	0
t000235	0	0	6	-5	0	-8
t000236	0	0	13	-1	1	-28
t000237	0	3	6	-5	0	0
t000238	3	16	1	-1	4	-2
t000239	0	3	-1	-2	0	1
t000240	0	6	8	-4	1	0
t000241	-19	7	2	-5	-3	-84
t000242	1	4	5	-2	3	-1
t000243	1	8	17	2	3	0
t000244	4	5	0	-6	0	0
t000245	0	11	3	-1	0	0
t000246	0	3	1	-1	0	3
t000247	0	1	3	0	0	0
t000248	0	3	0	-1	2	-11
t000249	0	12	0	0	0	-1
t000250	1	7	2	0	0	3
t000251	0	6	0	-1	0	0
t000252	-4	1	5	-1	0	-1
t000253	0	37	1	-1	2	-2
t000254	-1	7	0	0	1	0
t000255	0	2	0	0	0	0
t000256	0	8	1	0	0	0
t000257	0	4	2	0	5	0
t000258	0	0	4	-5	2	-14
t000259	0	10	8	-1	0	-7
t000260	0	5	3	-1	1	0
t000261	1	7	2	-1	0	-1
t000262	0	1	2	-9	2	0
t000263	0	12	1	-1	0	0
t000264	0	3	2	0	1	-11
t000265	0	5	2	-2	1	-3
t000266	0	8	21	-1	2	0
t000267	0	4	2	0	0	0
t000268	2	10	4	0	0	0
t000269	0	3	8	-15	1	0
t000270	0	105	7	0	1	-2
t000271	0	12	3	-1	0	2
t000272	0	5	0	4	1	-5
t000273	0	9	7	-10	1	0
t000274	0	0	0	0	0	-3
t000275	1	0	19	-4	0	-1
t000276	0	5	1	-2	0	-6
t000277	0	0	1	0	0	0
t000278	0	9	1	-4	0	-6
t000279	0	0	10	-4	0	-2
t000280	0	-3	0	-10	0	-5
t000281	0	1	0	1	0	0
t000282	0	4	3	0	0	0
t000283	0	0	27	0	0	0
t000284	0	4	0	0	1	0
t000285	1	1	0	0	0	-2
t000286	1	1	5	0	2	0
t000287	0	11	1	-2	1	-11
t000288	2	8	2	-1	0	0
t000289	0	17	4	2	0	0
t000290	0	3	0	0	0	0
t000291	0	3	4	0	0	0
t000292	0	1	0	-1	0	0
t000293	3	2	1	0	0	0
t000294	2	5	16	-3	0	3
t000295	0	12	2	0	6	-4
t000296	0	12	3	-2	2	1
t000297	-3	9	-2	-2	9	-1
t000298	0	8	9	-13	1	-4
t000299	0	-11	53	0	41	0
t000300	0	-31	59	-15	0	0
t000301	0	3	20	-7	0	-2
t000302	0	1	0	-2	0	-11
t000303	0	2	0	0	0	0
t000304	0	0	7	-5	0	-1
t000305	0	3	1	-1	0	-1
t000306	1	1	1	0	1	-1
t000307	0	5	1	0	0	-2
t000308	1	1	1	0	1	0
t000309	3	7	9	0	0	0
t000310	39	2	1	0	0	0
t000311	1	6	1	0	-1	0
t000312	0	7	2	-1	0	0
t000313	0	1	4	-3	1	-1
t000314	0	5	1	0	1	-3
t000315	0	-3	1	0	0	0
t000316	0	1	4	-4	0	0
t000317	0	9	1	-3	0	-2
t000318	-1	3	0	0	1	0
t000319	2	-14	131	-113	10	0
t000320	0	2	1	0	0	0
t000321	0	4	2	0	1	-1
t000322	-2	3	1	1	1	-2
t000323	0	2	1	0	1	-1
t000324	1	20	5	-2	-1	0
t000325	0	6	0	0	1	-6
t000326	2	0	3	-3	0	0
t000327	0	0	15	-3	0	-1
t000328	0	3	0	0	0	0
t000329	0	2	18	-6	2	0
t000330	0	0	21	-18	-2	-3
t000331	2	0	0	-5	0	-1
t000332	0	1	1	-8	0	-16
t000333	0	0	0	0	0	0
t000334	0	2	4	-2	0	-6
t000335	0	0	1	0	0	-6
t000336	0	9	10	-2	0	1
t000337	0	1	5	-19	7	-7
t000338	7	11	6	0	16	-16
t000339	0	3	-11	-13	0	-3
t000340	0	2	0	0	0	-2
t000341	0	3	0	0	6	0
t000342	0	5	0	0	3	0
t000343	0	5	2	0	0	0
t000344	2	6	11	-1	0	0
t000345	0	2	6	-9	-1	-2
t000346	0	5	6	0	0	1
t000347	0	2	0	-1	0	-1
t000348	0	1	0	0	0	0
t000349	0	8	0	0	1	0
t000350	3	0	6	0	0	0
t000351	0	51	0	-1	0	-11
t000352	5	1	9	-2	0	1
t000353	23	4	6	0	0	0
t000354	0	-1	0	-1	0	0
t000355	7	8	6	-1	9	0
t000356	0	4	10	0	3	-2
t000357	5	4	0	0	1	0
t000358	0	8	2	-1	0	-1
t000359	3	3	4	0	0	-1
t000360	1	6	1	0	-1	-6
t000361	0	2	2	-7	0	-5
t000362	8	5	21	0	2	0
t000363	1	13	7	0	0	0
t000364	0	7	7	-11	1	0
t000365	0	9	9	-1	1	0
t000366	0	3	0	0	0	0
t000367	0	2	0	35	0	0
t000368	0	11	18	-13	2	-8
t000369	0	8	3	-5	-1	-8
t000370	0	7	2	-9	0	0
t000371	0	3	6	0	0	0
t000372	0	4	1	-1	0	-3
t000373	0	5	3	-12	0	-4
t000374	-1	4	0	0	0	0
t000375	0	0	-1	-3	0	0
t000376	0	16	2	1	0	0
t000377	2	5	1	-1	0	1
t000378	3	0	1	0	0	1
t000379	0	2	0	-4	2	0
t000380	0	3	0	0	0	0
t000381	-1	3	4	-4	1	0
t000382	2	3	16	-6	0	0
t000383	0	1	9	-3	0	0
t000384	1	3	3	0	1	0
t000385	0	2	0	-1	0	0
t000386	0	3	0	0	0	1
t000387	0	1	1	0	0	2
t000388	0	2	0	-1	1	0
t000389	1	6	3	-1	0	-1
t000390	0	3	0	0	0	0
t000391	0	8	4	0	0	-5
t000392	0	7	0	0	0	-1
t000393	1	3	7	-4	0	-5
t000394	0	8	0	-5	0	-2
t000395	0	1	4	-2	0	0
t000396	0	1	2	0	3	0
t000397	0	3	0	-8	5	0
t000398	0	7	1	-1	0	0
t000399	0	8	0	0	0	-6
t000400	0	1	6	-4	5	0
t000401	1	0	1	0	24	0
t000402	4	8	0	-3	1	0
t000403	1	3	0	-1	0	1
t000404	0	4	1	-11	0	0
t000405	0	5	2	0	1	-1
t000406	0	2	2	-5	1	-1
t000407	-1	3	15	0	2	0
t000408	1	3	0	0	2	-1
t000409	7	2	17	0	2	0
t000410	0	-8	0	-1	0	46
t000411	0	4	2	-1	0	0
t000412	0	3	0	0	6	-1
t000413	0	5	0	-7	0	0
t000414	1	4	4	1	0	0
t000415	0	25	13	0	0	-5
t000416	2	1	0	-1	0	0
t000417	-1	6	3	-4	0	16
t000418	-1	3	21	-1	1	2
t000419	0	1	0	0	0	-1
t000420	0	9	12	-1	0	0
t000421	0	5	1	-3	0	0
t000422	0	4	12	-3	9	0
t000423	0	4	16	-2	11	0
t000424	0	8	1	-1	0	0
t000425	0	3	1	0	2	-3
t000426	0	3	2	0	3	-2
t000427	0	2	40	-1	1	-3
t000428	0	8	15	0	1	0
t000429	1	1	36	-11	0	0
t000430	0	1	8	-11	0	0
t000431	-1	0	0	0	0	0
t000432	3	4	2	-1	0	1
t000433	0	8	1	-1	-2	-1
t000434	1	3	6	-3	0	-2
t000435	-1	1	26	-4	-2	-1
t000436	1	9	15	-6	1	-4
t000437	0	1	13	-16	2	-8
t000438	1	7	6	-14	1	-1
t000439	0	3	1	-6	0	-1
t000440	0	7	12	0	1	-1
t000441	0	3	1	-1	0	0
t000442	1	7	7	-1	0	0
t000443	0	6	8	-1	0	-3
t000444	0	18	1	-1	-4	0
t000445	0	-7	21	4	-19	0
t000446	0	2	0	-1	0	-2
t000447	0	4	0	-3	12	0
t000448	0	8	2	-1	1	0
t000449	1	1	1	-13	0	-3
t000450	0	0	0	0	0	-2
t000451	1	8	6	-4	1	0
t000452	0	-8	11	-4	1	0
t000453	2	4	6	-1	0	0
t000454	0	3	2	0	6	-1
t000455	0	12	0	0	0	0
t000456	4	13	5	-4	3	-1
t000457	1	6	9	-2	0	0
t000458	11	2	5	0	0	0
t000459	0	6	0	-1	1	-1
t000460	0	0	17	-6	0	-6
t000461	0	1	0	-1	1	0
t000462	1	2	1	-16	6	-1
t000463	0	10	3	44	2	-1
t000464	0	8	1	0	1	54
t000465	0	10	0	-1	0	0
t000466	1	0	0	0	0	0
t000467	1	1	4	-2	3	0
t000468	0	3	0	0	0	0
t000469	0	1	2	-1	1	0
t000470	0	1	12	-5	4	-1
t000471	0	37	0	-1	-26	-2
t000472	-1	24	-7	-1	17	0
t000473	-1	4	4	-1	0	3
t000474	0	30	4	0	0	-48
t000475	0	5	2	0	0	2
t000476	0	10	10	-4	0	-1
t000477	4	8	1	-2	0	-3
t000478	0	17	4	-12	0	-16
t000479	0	2	0	0	0	0
t000480	0	1	0	0	0	0
t000481	0	42	-21	6	0	-1
t000482	-2	4	4	-1	1	2
t000483	0	14	4	-10	0	-4
t000484	0	6	3	0	0	0
t000485	0	3	0	0	1	0
t000486	0	91	0	0	-1	0
t000487	1	4	1	-1	2	3
t000488	0	6	7	0	0	0
t000489	-2	14	14	0	0	2
t000490	0	6	2	-7	2	3
t000491	0	11	2	-1	2	-1
t000492	1	3	1	-2	0	0
t000493	0	3	0	-1	1	-2
t000494	7	6	3	0	0	0
t000495	0	2	0	-1	3	-1
t000496	0	6	0	-2	0	1
t000497	0	4	0	-5	0	0
t000498	0	8	4	-1	8	0
t000499	1	3	7	0	3	0
t000500	0	1	2	-6	0	-2
t000501	0	11	2	-1	1	1
t000502	0	1	2	0	0	0
t000503	1	6	1	0	-2	-2
t000504	0	4	0	0	0	0
t000505	0	2	1	0	0	2
t000506	3	2	0	-1	0	0
t000507	0	2	0	0	0	0
t000508	0	2	4	0	1	0
t000509	0	1	4	-1	0	-1
t000510	0	9	3	0	0	0
t000511	0	0	1	-1	0	-2
t000512	3	1	-1	0	0	0
t000513	0	1	0	0	0	-1
t000514	0	0	16	-1	0	1
t000515	-1	1	3	-1	0	0
t000516	4	4	0	0	0	0
t000517	0	2	0	0	0	0
t000518	0	0	0	0	0	-1
t000519	0	0	3	0	1	0
t000520	0	15	0	0	-3	0
t000521	0	4	3	0	0	0
t000522	0	5	1	-2	1	-49
t000523	0	4	0	0	0	0
t000524	1	2	0	0	0	0
t000525	0	3	1	0	4	-1
t000526	1	13	0	0	1	-3
t000527	1	0	0	0	0	0
t000528	0	0	5	-1	1	-1
t000529	2	0	48	-1	0	0
t000530	0	2	1	0	0	1
t000531	0	0	0	0	0	0
t000532	0	1	0	0	0	0
t000533	1	3	2	0	2	0
t000534	0	4	25	-2	0	-1
t000535	0	6	0	1	0	0
t000536	0	1	0	0	0	0
t000537	0	7	1	-1	1	0
t000538	0	3	2	0	0	0
t000539	1	5	2	0	0	0
t000540	8	10	0	2	0	-2
t000541	0	4	10	-2	0	0
t000542	0	5	0	0	0	0
t000543	0	1	1	0	0	0
t000544	0	3	1	0	2	1
t000545	0	2	1	-3	1	0
t000546	0	3	34	-4	23	0
t000547	2	3	0	-1	0	0
t000548	0	5	1	0	0	0
t000549	0	0	-1	0	0	1
t000550	1	9	2	-1	0	0
t000551	0	0	2	-1	0	0
t000552	2	1	1	-1	0	-2
t000553	0	4	0	0	0	0
t000554	-1	3	4	-5	2	-1
t000555	0	2	3	-2	4	0
t000556	2	2	0	0	3	7
t000557	0	3	0	-2	-1	0
t000558	0	0	0	0	-1	-1
t000559	0	5	1	-2	1	0
t000560	0	2	0	0	3	0
t000561	1	5	4	0	0	1
t000562	2	10	0	0	-1	-1
t000563	0	0	3	0	0	0
t000564	0	4	10	-10	7	-2
t000565	0	1	1	-1	0	0
t000566	1	18	5	0	1	-2
t000567	1	6	0	0	0	0
t000568	-1	1	0	-2	1	3
t000569	-1	0	3	-2	0	0
t000570	0	6	-1	-1	-1	-1
t000571	0	2	1	0	0	-1
t000572	0	0	1	0	18	0
t000573	0	13	13	-2	0	0
t000574	1	1	3	-17	0	0
t000575	1	5	1	1	0	-1
t000576	0	3	0	0	6	0
t000577	0	2	2	-4	1	-1
t000578	0	2	4	0	2	0
t000579	1	11	3	-2	1	0
t000580	0	2	-1	0	0	0
t000581	-6	6	4	-2	1	0
t000582	0	5	4	0	-1	1
t000583	0	12	3	0	0	0
t000584	7	5	0	-1	0	0
t000585	0	5	7	0	0	-8
t000586	1	2	-1	-1	0	-6
t000587	0	2	0	0	1	0
t000588	0	0	5	-1	1	0
t000589	0	1	0	0	0	-1
t000590	-1	0	5	8	2	-1
t000591	0	2	0	0	0	0
t000592	0	24	0	0	0	0
t000593	1	51	4	0	51	0
t000594	0	2	0	0	0	0
t000595	0	1	3	0	0	0
t000596	0	5	1	0	0	0
t000597	0	1	8	-1	-17	0
t000598	0	5	2	0	0	0
t000599	0	2	0	0	1	0
t000600	1	2	1	0	0	0
t000601	0	4	3	0	0	0
t000602	0	3	1	-1	0	0
t000603	2	7	7	-1	0	0
t000604	0	1	0	0	0	0
t000605	0	1	0	0	2	-1
t000606	0	0	23	0	0	0
t000607	0	3	1	0	0	0
t000608	0	2	0	-2	0	0
t000609	1	3	4	-5	1	0
t000610	1	6	0	0	7	-1
t000611	5	6	0	0	0	0
t000612	0	1	0	-2	0	-1
t000613	0	3	0	0	1	0
t000614	0	5	0	0	0	0
t000615	0	5	5	-1	0	0
t000616	0	1	4	-2	1	-2
t000617	0	2	0	0	0	0
t000618	2	3	25	-2	0	0
t000619	0	0	0	0	0	-5
t000620	0	4	2	0	0	0
t000621	-2	8	2	-2	2	-2
t000622	1	19	0	0	0	0
t000623	0	4	0	0	2	0
t000624	0	1	4	0	0	0
t000625	0	2	1	0	1	0
t000626	-2	0	1	-1	0	0
t000627	0	2	0	0	0	6
t000628	0	0	1	-1	0	-1
t000629	0	6	0	0	0	-1
t000630	1	2	1	0	0	0
t000631	0	11	3	0	-1	0
t000632	2	11	0	0	0	0
t000633	0	9	1	-1	1	-1
t000634	0	1	4	-1	0	0
t000635	2	4	7	-1	0	0
t000636	2	15	0	0	0	5
t000637	0	1	1	0	0	0
t000638	0	16	0	0	1	-2
t000639	0	1	3	-1	0	-1
t000640	6	4	10	-2	0	0
t000641	0	1	0	0	0	0
t000642	0	5	0	-1	0	-3
t000643	0	4	0	0	0	0
t000644	0	17	0	0	1	1
t000645	0	8	1	0	1	0
t000646	3	1	0	0	0	0
t000647	0	0	3	-1	1	-9
t000648	0	2	0	0	0	0
t000649	0	4	1	-3	0	0
t000650	0	5	6	-3	0	-1
t000651	0	9	2	-2	0	0
t000652	0	1	0	0	0	0
t000653	0	0	1	-6	0	-6
t000654	0	3	0	-3	0	-2
t000655	2	14	0	0	0	0
t000656	0	10	0	-2	1	-1
t000657	0	3	2	-1	1	0
t000658	0	3	3	0	3	0
t000659	0	7	3	0	0	0
t000660	0	1	1	0	0	0
t000661	0	1	0	0	0	0
t000662	-1	5	3	1	0	0
t000663	1	7	0	-1	0	0
t000664	0	6	0	-1	0	0
t000665	0	11	2	0	1	-54
t000666	-1	0	5	-6	3	0
t000667	0	1	0	0	0	-1
t000668	0	0	7	-1	0	0
t000669	0	0	1	0	0	-2
t000670	0	0	1	0	1	0
t000671	0	3	7	-1	0	1
t000672	0	1	1	0	3	0
t000673	0	0	19	-1	2	0
t000674	0	2	2	0	0	0
t000675	2	29	0	0	4	-2
t000676	1	4	4	-1	1	0
t000677	0	1	3	0	0	0
t000678	1	0	8	-2	0	-2
t000679	0	3	3	-2	0	0
t000680	-1	10	12	-9	1	-2
t000681	2	3	2	-1	0	0
t000682	-1	2	24	-5	0	0
t000683	0	1	1	-3	0	-20
t000684	0	3	4	-1	0	0
t000685	0	4	-18	0	0	18
t000686	0	7	0	0	2	0
t000687	1	0	1	0	0	1
t000688	0	1	22	-4	0	0
t000689	1	1	2	0	0	0
t000690	0	2	2	-2	1	-1
t000691	0	5	5	-1	0	0
t000692	0	5	4	0	1	0
t000693	0	0	4	-2	1	0
t000694	0	3	4	-10	1	0
t000695	2	4	2	0	1	0
t000696	1	7	2	0	0	0
t000697	0	2	3	-1	2	2
t000698	0	2	1	1	0	0
t000699	0	0	1	0	3	0
t000700	0	0	0	0	0	0
t000701	0	3	1	-1	0	-1
t000702	-2	1	0	0	1	0
t000703	0	-31	0	0	0	-1
t000704	2	1	39	0	0	-10
t000705	0	0	5	0	0	0
t000706	0	3	1	0	-48	0
t000707	0	1	1	-4	1	-3
t000708	1	1	3	-7	0	-3
t000709	0	2	0	0	0	0
t000710	0	0	0	0	0	0
t000711	0	6	-3	0	0	0
t000712	-1	11	1	-1	0	0
t000713	0	9	6	-1	0	-6
t000714	3	3	0	0	0	0
t000715	1	2	1	0	0	0
t000716	0	2	3	1	-6	0
t000717	0	0	9	-3	0	-1
t000718	1	13	1	0	0	0
t000719	2	4	0	-1	0	0
t000720	6	4	1	-2	0	0
t000721	2	6	1	-1	2	0
t000722	0	1	1	-1	0	0
t000723	0	2	0	-8	2	-4
t000724	3	4	1	-2	1	0
t000725	2	2	0	0	0	0
t000726	1	2	2	0	0	0
t000727	0	2	0	-1	0	0
t000728	0	5	0	17	0	-3
t000729	0	0	0	-1	0	-3
t000730	0	2	0	0	0	0
t000731	1	8	5	-8	0	0
t000732	0	0	0	0	1	0
t000733	1	8	0	0	0	0
t000734	2	8	3	0	0	0
t000735	4	-1	6	0	0	0
t000736	0	2	1	0	1	0
t000737	0	3	1	0	0	0
t000738	0	14	1	0	0	6
t000739	0	2	1	-1	0	0
t000740	0	6	3	-1	0	0
t000741	0	15	0	0	0	0
t000742	0	0	3	-1	0	0
t000743	0	2	1	0	0	0
t000744	0	0	2	-1	2	0
t000745	0	0	3	0	0	0
t000746	6	0	4	-1	0	0
t000747	-3	0	8	-1	-4	-3
t000748	0	1	0	0	0	0
t000749	0	1	0	-6	0	-2
t000750	2	2	4	0	2	-2
t000751	1	2	1	0	2	1
t000752	1	3	1	0	-1	0
t000753	0	9	3	0	1	0
t000754	1	4	0	0	0	0
t000755	0	8	6	-11	0	-5
t000756	0	0	3	-3	0	0
t000757	1	6	2	0	0	0
t000758	0	2	0	0	0	0
t000759	0	15	7	0	1	0
t000760	0	3	0	0	0	0
t000761	0	-1	1	0	0	0
t000762	2	1	0	0	0	0
t000763	3	0	0	-2	0	-2
t000764	1	1	0	0	0	0
t000765	0	6	9	-2	1	0
t000766	0	1	6	0	0	-1
t000767	1	5	1	-1	4	0
t000768	1	8	1	1	0	-1
t000769	1	4	2	-1	0	0
t000770	0	2	1	0	0	0
t000771	1	2	7	-8	0	-1
t000772	0	5	5	0	0	-1
t000773	0	4	3	-2	1	1
t000774	0	1	0	-1	0	-2
t000775	0	1	1	0	0	0
t000776	0	6	0	0	0	0
t000777	0	0	0	-1	0	0
t000778	0	2	1	0	0	0
t000779	0	1	3	-2	0	-2
t000780	0	1	0	-1	0	-1
t000781	0	3	1	0	2	0
t000782	0	10	1	0	0	0
t000783	5	6	0	-1	0	5
t000784	0	0	0	0	0	0
t000785	1	2	3	0	0	1
t000786	0	0	3	0	1	0
t000787	0	4	1	-2	0	0
t000788	0	6	0	0	0	0
t000789	0	3	3	0	0	0
t000790	1	0	0	-1	0	0
t000791	0	4	1	0	0	-3
t000792	0	2	1	0	0	-1
t000793	2	8	1	0	0	0
t000794	0	7	6	-2	1	0
t000795	0	2	7	0	2	0
t000796	0	2	0	0	0	0
t000797	0	7	0	-1	0	1
t000798	0	7	0	0	0	-2
t000799	0	3	2	0	1	0
t000800	2	0	3	0	3	0
t000801	3	4	3	-2	1	1
t000802	0	1	0	-1	0	-4
t000803	7	4	1	-1	1	2
t000804	0	6	0	0	-1	0
t000805	0	1	1	0	0	0
t000806	0	13	0	0	14	0
t000807	2	6	4	-2	0	-21
t000808	0	0	3	0	0	-3
t000809	0	4	0	0	0	1
t000810	0	3	8	-4	0	0
t000811	0	3	1	0	0	-1
t000812	0	1	0	-2	0	-2
t000813	0	2	0	0	1	-8
t000814	0	1	1	0	0	0
t000815	6	9	0	-1	0	-4
t000816	0	4	0	-1	0	1
t000817	0	23	16	-11	21	0
t000818	0	16	0	0	0	-1
t000819	0	29	0	-1	0	1
t000820	0	1	1	1	0	0
t000821	0	1	0	-1	0	0
t000822	1	5	1	0	0	0
t000823	3	4	1	0	0	0
t000824	0	1	0	0	0	-3
t000825	0	2	1	1	0	0
t000826	0	1	0	0	0	-7
t000827	0	0	0	0	0	0
t000828	0	13	1	1	0	-1
t000829	0	3	3	0	0	0
t000830	3	14	12	-2	0	0
t000831	0	7	2	-2	0	0
t000832	0	2	0	0	0	-2
t000833	1	4	1	-3	0	0
t000834	0	1	4	-3	0	0
t000835	0	4	0	0	0	-1
t000836	0	11	0	0	0	0
t000837	0	1	5	-5	0	0
t000838	0	6	1	0	1	1
t000839	0	11	0	0	0	0
t000840	0	4	18	-2	2	-2
t000841	1	9	3	-1	0	2
t000842	0	1	0	1	0	0
t000843	0	5	1	0	0	0
t000844	1	4	4	0	0	0
t000845	-4	13	0	0	0	-1
t000846	0	2	1	-1	0	-2
t000847	0	2	1	0	0	0
t000848	0	2	1	-2	0	0
t000849	1	3	1	0	-1	0
t000850	0	5	0	0	0	0
t000851	1	0	10	-1	0	0
t000852	1	5	5	0	0	-1
t000853	1	4	0	0	0	1
t000854	0	2	0	0	1	0
t000855	0	1	5	-1	1	0
t000856	2	3	2	0	0	0
t000857	1	4	4	0	0	0
t000858	-1	10	0	0	1	0
t000859	2	2	8	-1	3	-2
t000860	0	5	0	0	1	3
t000861	-4	6	4	-1	0	6
t000862	0	15	0	0	0	0
t000863	0	1	2	0	0	0
t000864	-1	0	1	0	0	1
t000865	-27	3	6	-2	0	0
t000866	0	0	1	0	5	0
t000867	0	9	2	-3	23	0
t000868	1	1	3	-2	0	0
t000869	2	1	7	-2	6	0
t000870	0	1	3	0	1	0
t000871	0	2	0	0	0	-2
t000872	1	0	1	-1	0	0
t000873	0	3	1	-1	0	0
t000874	0	4	1	0	0	0
t000875	0	3	4	2	0	0
t000876	0	1	0	0	0	0
t000877	0	0	2	-5	0	0
t000878	4	7	1	0	1	0
t000879	0	1	0	0	0	0
t000880	1	9	1	0	0	1
t000881	2	6	10	0	0	0
t000882	0	4	11	-1	0	0
t000883	0	3	3	-1	-1	0
t000884	1	11	3	0	7	0
t000885	0	11	6	-1	1	0
t000886	0	3	13	-2	0	0
t000887	-1	3	3	0	0	0
t000888	0	2	17	0	1	0
t000889	0	7	1	0	2	0
t000890	0	1	3	-1	0	1
t000891	0	2	1	0	1	0
t000892	1	0	8	-8	0	-5
t000893	0	1	0	0	0	0
t000894	0	1	0	0	0	0
t000895	3	7	5	-1	0	-3
t000896	2	4	3	-2	0	-1
t000897	1	0	8	-1	0	4
t000898	0	1	2	0	0	0
t000899	0	1	0	0	1	-2
t000900	1	4	6	-19	0	-3
t000901	0	1	0	0	1	-2
t000902	1	3	0	-1	0	0
t000903	1	4	0	0	2	0
t000904	0	1	1	0	0	0
t000905	2	2	1	-5	1	0
t000906	0	2	4	0	1	1
t000907	0	4	1	0	0	0
t000908	2	-3	3	-1	0	0
t000909	0	1	0	0	0	-2
t000910	0	4	1	0	0	0
t000911	0	6	0	0	0	0
t000912	1	32	1	0	3	1
t000913	0	1	1	-5	0	2
t000914	0	1	0	0	1	0
t000915	2	4	0	0	0	2
t000916	0	3	0	0	0	-3
t000917	1	3	0	0	1	0
t000918	0	4	0	0	0	-9
t000919	0	6	1	-1	0	0
t000920	0	1	0	-2	1	0
t000921	1	4	0	-1	0	0
t000922	0	8	0	0	0	0
t000923	-1	0	1	0	0	0
t000924	0	2	3	-1	0	0
t000925	1	0	0	-3	0	-8
t000926	0	1	1	1	0	0
t000927	1	-10	0	-2	-12	-2
t000928	0	9	1	-1	1	0
t000929	3	7	2	-1	1	0
t000930	0	7	0	0	0	0
t000931	1	9	0	0	1	0
t000932	0	3	1	0	0	0
t000933	0	2	1	-1	0	0
t000934	2	0	3	-1	0	0
t000935	1	6	5	-2	0	0
t000936	0	6	7	-2	1	1
t000937	0	2	0	0	0	0
t000938	0	0	0	0	1	0
t000939	0	6	2	0	0	0
t000940	0	2	0	-2	0	-1
t000941	3	30	4	-4	0	-1
t000942	0	14	2	0	0	0
t000943	0	0	2	0	0	0
t000944	1	4	0	-1	1	0
t000945	1	1	0	-1	0	0
t000946	0	2	1	-2	0	0
t000947	0	0	4	-1	0	0
t000948	2	11	5	-2	0	0
t000949	0	1	21	-17	-1	-4
t000950	5	6	0	0	0	0
t000951	1	0	7	-4	0	0
t000952	1	27	1	-1	14	7
t000953	3	6	9	-2	0	0
t000954	1	12	2	-2	2	-3
t000955	1	5	3	-2	1	0
t000956	0	5	12	0	0	0
t000957	-1	0	1	0	0	0
t000958	0	4	0	-1	0	0
t000959	0	2	3	0	-1	0
t000960	0	10	2	-1	0	0
t000961	1	5	0	0	0	2
t000962	0	-2	1	-1	0	0
t000963	0	4	14	2	0	2
t000964	0	1	1	0	0	0
t000965	1	1	8	-2	0	1
t000966	0	5	1	0	0	0
t000967	0	13	6	0	0	0
t000968	-1	22	8	-3	6	0
t000969	0	0	2	-1	0	-3
t000970	4	14	2	0	0	0
t000971	1	7	1	-1	3	-1
t000972	0	5	0	0	0	0
t000973	0	4	0	0	0	-2
t000974	0	5	0	-3	-4	0
t000975	0	4	0	0	1	0
t000976	-2	1	5	0	1	0
t000977	1	1	15	-3	1	0
t000978	0	0	0	0	0	0
t000979	0	11	0	0	1	-1
t000980	3	3	0	0	0	-1
t000981	3	2	0	0	0	0
t000982	1	0	5	-6	0	-1
t000983	0	6	0	-1	0	0
t000984	0	6	4	-2	0	0
t000985	-1	0	10	-5	-1	0
t000986	2	2	1	-3	-1	-8
t000987	0	7	1	-2	0	-10
t000988	0	1	0	0	0	0
t000989	0	4	2	-13	0	0
t000990	0	0	1	0	0	-1
t000991	1	2	3	-1	0	-2
t000992	2	10	1	-1	0	0
t000993	6	0	6	0	0	0
t000994	0	6	1	1	0	0
t000995	0	1	0	-1	1	-2
t000996	0	0	3	0	0	1
t000997	0	0	1	1	0	0
t000998	0	6	2	-2	0	-10
t000999	-1	2	0	0	0	1
t001000	0	0	6	0	2	0
t001001	0	3	13	0	0	1
t001002	0	2	4	0	0	0
t001003	0	1	0	0	1	0
t001004	0	0	1	2	0	0
t001005	1	2	0	0	1	3
t001006	0	2	1	0	0	1
t001007	0	8	17	-2	1	0
t001008	0	7	5	-1	0	0
t001009	0	2	0	-4	0	0
t001010	0	2	4	-7	0	-1
t001011	6	2	15	-5	0	0
t001012	0	3	2	0	1	0
t001013	0	8	0	0	0	0
t001014	0	9	2	-3	0	3
t001015	0	2	0	0	0	-2
t001016	0	0	0	0	0	0
t001017	0	2	1	-1	1	-9
t001018	-1	0	20	0	-1	1
t001019	0	2	2	-1	0	3
t001020	1	1	8	-10	0	0
t001021	0	2	0	0	0	0
t001022	0	17	3	0	0	0
t001023	1	6	0	-1	1	1
t001024	0	3	1	0	0	-5
t001025	2	6	0	-2	0	3
t001026	0	7	15	-2	0	0
t001027	0	0	0	0	0	0
t001028	0	0	0	-3	0	-1
t001029	1	1	3	-6	0	0
t001030	0	3	0	-1	0	0
t001031	20	4	0	-1	1	0
t001032	0	8	0	0	0	0
t001033	0	4	2	-1	0	-1
t001034	1	5	0	0	0	0
t001035	0	0	1	0	0	-11
t001036	0	1	2	0	0	0
t001037	0	3	1	0	0	-1
t001038	1	6	3	0	0	1
t001039	0	2	1	-1	0	-1
t001040	0	6	4	0	0	1
t001041	2	1	5	-2	0	0
t001042	0	1	4	0	0	0
t001043	0	1	5	0	0	0
t001044	1	13	2	-1	0	-1
t001045	1	2	0	-1	0	5
t001046	1	4	4	0	9	0
t001047	1	5	3	0	0	0
t001048	0	3	1	-1	0	-3
t001049	0	2	1	0	0	0
t001050	0	2	0	0	0	-1
t001051	1	1	3	-1	1	-2
t001052	0	4	4	-2	-1	-7
t001053	0	0	2	-1	-1	-1
t001054	0	2	2	-1	1	-1
t001055	3	1	15	0	0	0
t001056	-1	0	0	0	0	0
t001057	1	7	0	-1	1	0
t001058	0	5	13	2	0	0
t001059	3	14	7	-2	1	-1
t001060	0	19	5	0	0	0
t001061	0	2	2	-2	2	0
t001062	0	0	1	-9	0	0
t001063	0	0	15	-13	0	0
t001064	0	2	5	-3	0	-1
t001065	0	2	12	-20	0	0
t001066	3	7	2	0	0	1
t001067	0	11	7	0	6	-13
t001068	2	0	0	-1	0	0
t001069	0	1	0	0	0	0
t001070	0	3	0	-2	0	0
t001071	1	5	0	0	0	0
t001072	0	7	3	0	2	0
t001073	0	9	2	0	0	0
t001074	0	6	0	0	0	1
t001075	0	1	0	0	0	0
t001076	0	2	0	-1	0	0
t001077	0	3	0	0	0	-1
t001078	0	1	5	-3	0	1
t001079	0	3	7	-4	0	-2
t001080	0	1	0	-3	2	0
t001081	0	3	1	0	0	0
t001082	3	0	2	-3	0	3
t001083	1	22	7	-7	2	-16
t001084	3	8	0	-1	0	0
t001085	0	0	0	0	0	0
t001086	0	0	18	0	0	0
t001087	7	3	1	0	2	0
t001088	0	3	2	-7	0	0
t001089	0	6	1	0	0	0
t001090	0	1	0	-1	0	0
t001091	0	0	0	0	0	-1
t001092	-1	1	0	0	0	0
t001093	1	5	11	0	8	0
t001094	0	21	2	-1	7	0
t001095	0	3	2	1	0	0
t001096	0	5	6	-2	0	0
t001097	0	1	0	0	1	0
t001098	0	5	0	1	0	0
t001099	0	10	3	0	-1	0
t001100	0	3	0	0	7	1
t001101	0	4	0	0	0	0
t001102	0	8	4	0	0	1
t001103	0	1	12	-2	0	0
t001104	0	0	5	0	0	0
t001105	0	7	0	0	0	0
t001106	0	3	0	0	0	-1
t001107	0	2	1	-1	0	0
t001108	-2	1	4	0	0	0
t001109	0	2	0	0	4	0
t001110	2	15	0	0	0	0
t001111	0	19	1	0	0	0
t001112	0	38	1	0	0	0
t001113	0	16	1	-3	0	11
t001114	0	3	2	2	0	0
t001115	2	4	1	-3	1	0
t001116	2	8	5	-1	1	0
t001117	3	2	8	0	1	-1
t001118	0	39	1	-8	0	-30
t001119	0	1	3	0	1	0
t001120	6	11	2	0	0	0
t001121	0	0	1	0	1	0
t001122	0	7	-2	-2	0	0
t001123	0	13	12	-2	0	0
t001124	0	2	5	0	0	-24
t001125	0	2	0	-1	0	0
t001126	0	1	0	-1	0	-1
t001127	1	5	5	0	0	0
t001128	0	0	2	-3	1	0
t001129	0	0	0	0	0	0
t001130	0	2	-1	0	1	0
t001131	-1	6	3	0	7	0
t001132	1	12	2	0	1	1
t001133	0	1	8	-2	0	-2
t001134	1	9	0	-1	0	5
t001135	0	4	11	-4	6	0
t001136	1	2	0	0	0	0
t001137	0	2	3	-11	0	-14
t001138	0	0	5	0	0	0
t001139	2	0	3	0	1	0
t001140	0	2	0	0	0	0
t001141	0	3	1	-2	0	-9
t001142	-3	10	4	0	0	0
t001143	0	4	0	0	0	0
t001144	-5	-3	35	5	0	-10
t001145	0	1	0	-1	2	0
t001146	0	2	1	0	0	0
t001147	0	0	0	0	0	0
t001148	0	3	2	-1	1	0
t001149	0	3	0	0	0	0
t001150	3	1	1	0	2	2
t001151	0	7	0	-1	0	0
t001152	0	6	3	0	-1	6
t001153	0	2	1	0	0	0
t001154	0	15	0	1	0	0
t001155	0	2	2	0	0	3
t001156	2	1	8	-1	1	0
t001157	4	9	10	-4	2	-4
t001158	0	12	6	-1	1	0
t001159	0	25	-41	0	0	-1
t001160	1	3	0	0	0	0
t001161	0	0	11	-3	0	0
t001162	0	5	3	0	0	3
t001163	0	3	3	-3	4	0
t001164	1	9	1	0	0	0
t001165	-3	1	13	0	0	0
t001166	7	21	1	0	2	1
t001167	0	5	1	0	0	0
t001168	0	-1	5	-5	-1	0
t001169	4	0	4	-1	1	-1
t001170	0	1	7	-2	0	-8
t001171	0	0	1	-10	0	-9
t001172	0	3	0	-2	1	0
t001173	4	10	0	-1	3	0
t001174	0	17	0	1	9	0
t001175	0	8	1	-2	0	0
t001176	2	3	1	0	0	-1
t001177	2	1	3	-1	0	0
t001178	0	2	0	-8	0	0
t001179	0	2	1	0	0	0
t001180	0	2	3	-1	0	0
t001181	0	10	0	-1	0	0
t001182	0	3	2	-2	0	-1
t001183	8	6	3	-2	2	3
t001184	1	5	0	0	0	0
t001185	6	9	0	0	0	-2
t001186	0	3	4	0	0	0
t001187	3	12	2	-2	0	2
t001188	0	4	2	0	1	0
t001189	2	2	2	0	0	5
t001190	0	1	13	-8	0	-1
t001191	0	3	1	0	0	-2
t001192	0	2	1	0	0	-1
t001193	0	0	7	-2	0	0
t001194	1	21	0	-1	0	0
t001195	0	0	0	0	0	0
t001196	0	13	3	1	1	0
t001197	-1	0	1	0	3	-1
t001198	0	2	0	2	0	0
t001199	0	2	0	0	0	0
t001200	0	3	0	0	3	0
t001201	0	3	16	-4	0	-1
t001202	0	5	0	-8	0	6
t001203	0	3	9	-4	0	-3
t001204	1	3	1	-1	1	-1
t001205	0	5	1	-9	1	-2
t001206	0	4	1	0	0	-13
t001207	3	4	1	0	0	1
t001208	0	2	0	0	0	-1
t001209	0	0	7	-7	0	-1
t001210	0	3	5	-1	7	0
t001211	4	1	0	-4	0	-2
t001212	2	1	1	1	1	0
t001213	0	10	2	0	0	0
t001214	0	8	-7	0	0	-1
t001215	0	2	0	0	0	0
t001216	0	21	-4	0	0	0
t001217	0	6	0	0	0	0
t001218	0	6	1	0	0	0
t001219	-1	3	0	0	0	-2
t001220	0	0	5	-7	0	-5
t001221	2	8	5	-2	0	0
t001222	0	11	3	0	0	-21
t001223	0	1	8	-15	0	0
t001224	0	5	1	0	0	0
t001225	-1	-6	27	-10	-1	-2
t001226	0	0	1	-4	0	0
t001227	0	12	0	0	0	0
t001228	0	2	0	-1	-1	0
t001229	0	4	0	0	0	2
t001230	0	6	7	1	3	0
t001231	0	5	0	-1	0	1
t001232	0	4	0	0	1	-4
t001233	0	7	-1	-1	0	0
t001234	2	14	1	0	0	0
t001235	4	1	5	0	0	0
t001236	0	4	2	0	1	0
t001237	0	6	2	0	0	0
t001238	0	2	1	0	0	-1
t001239	0	3	0	0	0	0
t001240	3	6	22	0	0	3
t001241	4	5	4	0	1	0
t001242	2	7	-20	-2	0	0
t001243	0	1	0	0	0	0
t001244	0	4	0	0	0	0
t001245	0	1	1	0	0	0
t001246	2	9	1	-2	0	1
t001247	0	1	1	0	0	-2
t001248	2	2	2	0	0	0
t001249	-1	4	0	-2	0	-1
t001250	1	1	2	0	0	-2
t001251	0	4	0	0	2	0
t001252	1	3	0	0	0	0
t001253	0	13	8	-1	0	-1
t001254	1	4	1	-2	4	-3
t001255	0	4	0	-4	0	0
t001256	0	14	3	0	0	0
t001257	0	1	0	0	0	0
t001258	0	11	2	0	0	0
t001259	0	9	0	0	0	0
t001260	0	0	0	0	0	0
t001261	0	11	0	-1	1	0
t001262	1	10	4	-1	0	0
t001263	0	4	13	-1	1	0
t001264	0	1	0	0	1	2
t001265	0	23	2	-1	0	0
t001266	0	6	0	-2	0	0
t001267	0	1	2	0	0	-2
t001268	0	12	1	0	0	0
t001269	0	1	0	0	0	0
t001270	7	3	4	-2	0	1
t001271	12	4	1	0	0	0
t001272	0	3	0	0	0	0
t001273	0	0	0	0	2	0
t001274	3	1	1	0	0	0
t001275	0	13	6	-1	1	0
t001276	1	-4	29	0	0	-16
t001277	1	3	0	0	1	0
t001278	0	12	1	-1	1	-1
t001279	-1	2	5	-8	0	-1
t001280	13	4	1	0	1	0
t001281	2	3	0	0	0	0
t001282	1	1	1	-2	0	-2
t001283	0	7	0	0	2	0
t001284	0	7	7	0	4	1
t001285	0	16	0	-1	0	-1
t001286	0	7	0	0	4	-1
t001287	1	14	1	-2	0	1
t001288	1	8	0	0	0	0
t001289	0	3	0	0	1	-1
t001290	0	0	11	-5	0	-2
t001291	0	2	7	-1	0	0
t001292	2	2	0	-1	0	0
t001293	0	5	10	-2	0	0
t001294	-1	-1	3	-41	1	-1
t001295	1	8	6	-2	0	0
t001296	0	0	7	-4	1	-6
t001297	1	14	0	0	1	1
t001298	4	3	10	-11	0	-1
t001299	0	2	0	-2	0	0
t001300	0	1	0	0	1	0
t001301	0	0	8	0	6	6
t001302	0	3	8	-1	0	0
t001303	2	3	13	0	0	0
t001304	0	1	3	-3	0	0
t001305	0	8	1	0	1	0
t001306	0	4	-1	-2	0	0
t001307	0	0	19	-6	0	-1
t001308	-2	-46	15	-1	3	0
t001309	1	5	1	0	0	0
t001310	-1	7	2	1	0	3
t001311	0	10	0	-1	1	-16
t001312	0	3	0	0	1	1
t001313	0	1	4	-2	0	0
t001314	0	4	4	-1	-1	-3
t001315	0	19	0	-4	18	0
t001316	0	4	6	-4	0	0
t001317	-1	6	0	0	0	0
t001318	0	3	0	0	1	0
t001319	3	0	0	0	0	0
t001320	0	3	0	-1	0	0
t001321	0	39	1	0	0	0
t001322	0	2	1	0	0	0
t001323	0	2	20	0	0	0
t001324	0	9	0	0	0	1
t001325	0	3	0	0	0	0
t001326	0	0	1	-2	0	1
t001327	0	13	5	0	0	0
t001328	0	2	2	0	0	0
t001329	1	2	1	0	0	-2
t001330	2	2	1	0	1	0
t001331	0	2	5	-5	0	3
t001332	1	1	1	0	0	0
t001333	0	3	0	-1	0	0
t001334	0	9	0	-1	4	0
t001335	1	2	0	0	0	0
t001336	4	4	0	0	0	0
t001337	0	2	1	0	0	-1
t001338	0	0	4	-4	0	0
t001339	0	7	0	0	2	-1
t001340	-2	11	4	0	3	0
t001341	1	4	0	0	1	0
t001342	0	8	5	0	0	0
t001343	0	2	1	0	0	-1
t001344	2	1	4	0	0	0
t001345	0	25	0	-1	0	0
t001346	0	2	5	-1	13	0
t001347	0	0	0	1	0	0
t001348	-1	2	1	-4	-1	0
t001349	6	2	1	-1	0	0
t001350	0	12	0	0	0	0
t001351	0	0	7	-11	0	-2
t001352	0	6	2	0	0	-1
t001353	0	8	0	0	0	-1
t001354	0	2	1	0	1	0
t001355	1	2	22	-2	0	0
t001356	0	1	1	-1	0	-1
t001357	0	-9	1	-4	1	-2
t001358	0	6	0	-1	0	0
t001359	0	10	10	-2	0	-2
t001360	0	2	0	-1	0	0
t001361	0	6	4	0	0	-1
t001362	0	5	0	0	1	0
t001363	1	12	0	0	0	0
t001364	0	5	4	0	2	-1
t001365	1	7	8	-6	0	-3
t001366	5	0	1	0	1	0
t001367	2	5	-4	0	2	0
t001368	3	6	3	0	1	1
t001369	0	1	1	0	0	0
t001370	10	10	0	0	1	-3
t001371	1	5	2	0	0	0
t001372	0	2	0	0	1	0
t001373	2	5	11	0	0	0
t001374	0	3	8	0	0	0
t001375	0	1	0	0	0	0
t001376	1	5	0	0	0	0
t001377	0	12	1	0	0	1
t001378	0	3	1	0	0	-1
t001379	5	7	4	-2	0	0
t001380	1	3	6	-2	3	1
t001381	0	1	0	0	2	0
t001382	0	5	0	0	0	0
t001383	1	2	3	-3	0	0
t001384	0	0	3	-2	0	0
t001385	0	0	20	-4	0	-2
t001386	1	3	3	-2	1	-5
t001387	-1	3	16	-8	0	0
t001388	0	5	0	0	1	-1
t001389	0	2	7	0	0	0
t001390	3	5	16	-1	0	-3
t001391	0	3	0	0	0	0
t001392	1	2	1	0	0	-1
t001393	1	5	8	0	0	0
t001394	0	0	3	-1	0	-8
t001395	0	2	0	0	2	0
t001396	0	0	5	0	2	-1
t001397	2	4	7	-2	0	0
t001398	0	1	2	0	0	0
t001399	1	2	16	-6	0	0
t001400	0	15	2	-1	0	0
t001401	1	3	3	-6	-1	-2
t001402	-1	3	4	-1	0	0
t001403	-1	2	4	4	0	-5
t001404	1	6	0	0	1	0
t001405	3	8	1	0	1	1
t001406	4	4	2	-2	0	0
t001407	0	2	2	1	0	-10
t001408	0	23	3	4	0	1
t001409	0	8	2	0	1	-1
t001410	0	5	3	-1	0	-5
t001411	0	1	2	0	0	0
t001412	0	4	0	0	0	-1
t001413	0	0	1	0	0	0
t001414	0	5	0	-1	0	1
t001415	0	2	0	-2	0	-1
t001416	1	8	0	0	4	4
t001417	0	27	0	0	1	0
t001418	-18	2	1	-1	0	0
t001419	5	3	14	-6	0	-1
t001420	1	1	6	-1	12	0
t001421	-1	3	0	0	0	-6
t001422	0	6	0	0	0	-1
t001423	1	12	0	-1	0	-6
t001424	0	15	0	0	0	0
t001425	1	1	4	-8	0	0
t001426	0	3	7	-2	0	-13
t001427	4	4	4	-1	0	0
t001428	1	0	2	0	0	0
t001429	1	4	4	0	0	0
t001430	0	1	0	-3	0	-2
t001431	0	5	0	0	0	0
t001432	-2	0	0	0	0	-2
t001433	0	1	12	0	0	0
t001434	0	14	3	-3	0	0
t001435	0	2	2	-6	0	-13
t001436	0	1	0	0	0	0
t001437	0	2	1	0	0	0
t001438	0	-1	7	-4	0	-1
t001439	0	12	4	0	0	-2
t001440	0	9	0	-2	1	1
t001441	1	0	6	-1	0	0
t001442	0	3	4	-4	0	-1
t001443	0	3	17	-1	1	3
t001444	0	0	3	-4	0	-1
t001445	0	6	0	0	0	-3
t001446	0	2	3	0	0	1
t001447	1	1	2	-6	0	-2
t001448	0	5	0	0	0	-3
t001449	0	4	20	-3	-2	-11
t001450	0	2	6	0	4	-1
t001451	0	3	0	1	0	0
t001452	0	4	0	0	0	0
t001453	0	1	1	0	1	0
t001454	0	2	0	0	2	0
t001455	0	13	0	0	0	0
t001456	2	6	1	0	1	0
t001457	0	6	4	-1	2	2
t001458	0	2	1	-1	2	0
t001459	1	3	9	0	0	-5
t001460	-2	4	3	-1	-3	0
t001461	4	2	0	-2	0	1
t001462	0	1	2	-3	2	-1
t001463	0	7	3	0	1	-1
t001464	0	5	0	0	0	0
t001465	0	6	0	0	0	0
t001466	1	3	3	0	1	-1
t001467	2	5	8	0	1	0
t001468	0	5	8	-1	0	0
t001469	0	1	0	0	0	0
t001470	0	2	1	-2	0	0
t001471	2	0	6	-1	0	0
t001472	0	8	2	0	0	0
t001473	0	5	2	-1	1	1
t001474	-10	2	5	-1	0	0
t001475	0	5	0	0	0	0
t001476	0	11	-1	0	0	0
t001477	0	10	0	0	0	-1
t001478	0	1	14	-6	2	0
t001479	2	4	4	-3	1	0
t001480	0	2	21	0	5	-1
t001481	0	9	8	-2	0	-2
t001482	0	5	0	-1	2	-2
t001483	0	1	2	0	0	1
t001484	0	1	0	-7	0	0
t001485	4	5	2	-3	0	1
t001486	0	1	13	-21	1	-15
t001487	1	4	3	-1	0	-2
t001488	1	1	1	0	1	-3
t001489	0	2	3	0	0	0
t001490	0	2	13	-1	0	0
t001491	0	4	1	0	1	1
t001492	-2	2	4	0	0	-6
t001493	0	0	0	-4	0	-1
t001494	0	3	1	0	1	0
t001495	0	15	3	0	0	0
t001496	1	13	2	-2	0	0
t001497	1	4	1	0	0	3
t001498	0	0	11	-1	0	0
t001499	0	0	10	-1	0	-2
t001500	0	3	3	-5	0	-1
t001501	0	2	3	0	0	-15
t001502	0	3	1	0	1	0
t001503	1	4	0	0	0	0
t001504	0	1	0	1	0	0
t001505	-36	2	42	-1	0	0
t001506	0	11	2	0	0	0
t001507	0	-5	-5	-2	0	-5
t001508	0	0	0	-8	0	0
t001509	0	5	0	-1	0	0
t001510	1	3	0	-10	0	0
t001511	0	8	1	0	0	0
t001512	0	1	1	0	0	0
t001513	3	5	5	-1	1	0
t001514	0	4	3	0	0	0
t001515	1	3	0	0	1	0
t001516	0	7	2	0	0	0
t001517	0	1	1	-2	0	-1
t001518	0	1	0	0	4	0
t001519	4	0	8	-2	0	0
t001520	1	6	5	-1	1	1
t001521	0	5	0	-1	0	0
t001522	0	0	3	0	0	0
t001523	0	9	0	0	0	1
t001524	0	3	0	0	1	-1
t001525	0	2	1	1	5	0
t001526	0	4	6	-7	0	-40
t001527	0	7	3	-6	0	0
t001528	2	5	0	0	0	0
t001529	0	1	0	0	1	0
t001530	1	8	0	0	2	-1
t001531	0	5	0	-1	1	1
t001532	1	4	0	0	0	0
t001533	4	0	0	0	0	0
t001534	1	7	1	0	0	0
t001535	0	4	3	0	0	-1
t001536	0	3	1	0	0	0
t001537	1	10	6	-3	0	1
t001538	0	7	2	-2	0	-7
t001539	0	0	0	0	0	0
t001540	0	5	-1	0	0	0
t001541	0	0	11	-7	1	-74
t001542	1	13	1	-1	0	0
t001543	0	15	6	-1	0	-1
t001544	1	4	1	-2	1	-1
t001545	1	10	0	0	0	6
t001546	0	9	0	-1	0	-2
t001547	0	4	2	-4	0	-2
t001548	0	0	7	-5	-2	0
t001549	0	12	14	-1	21	-1
t001550	0	2	0	-1	0	0
t001551	0	4	0	0	0	0
t001552	6	3	6	-1	0	0
t001553	0	9	0	0	4	0
t001554	0	4	0	0	0	0
t001555	0	8	9	0	1	5
t001556	0	10	0	0	1	0
t001557	0	23	2	1	1	0
t001558	0	0	3	-4	0	0
t001559	1	-1	32	0	0	0
t001560	1	1	1	0	0	0
t001561	0	3	2	-1	0	0
t001562	0	1	3	2	0	0
t001563	0	-8	9	-12	0	-13
t001564	0	5	4	-1	0	0
t001565	0	4	2	0	41	0
t001566	2	5	2	0	0	0
t001567	0	12	0	-1	0	1
t001568	-1	0	1	0	0	0
t001569	0	6	0	-1	0	-1
t001570	0	2	0	0	0	0
t001571	0	2	1	0	0	0
t001572	2	2	0	0	0	0
t001573	-1	11	9	-1	1	1
t001574	0	9	1	0	1	0
t001575	-1	125	-19	0	0	0
t001576	3	5	1	0	0	0
t001577	0	-4	17	-16	0	-13
t001578	0	21	1	0	0	0
t001579	-1	1	0	0	4	0
t001580	3	7	1	0	0	-1
t001581	0	0	0	0	0	0
t001582	0	1	27	-1	0	0
t001583	0	0	4	-1	0	-1
t001584	0	1	3	0	0	0
t001585	0	13	5	0	0	2
t001586	-1	0	0	0	2	-22
t001587	0	3	1	0	1	0
t001588	0	1	0	0	2	0
t001589	1	11	1	0	0	0
t001590	0	5	3	0	1	0
t001591	0	14	0	0	0	0
t001592	0	2	0	-2	4	0
t001593	0	2	1	0	0	0
t001594	0	1	0	0	0	0
t001595	1	1	0	0	0	0
t001596	1	3	2	-1	0	0
t001597	0	5	0	-3	0	0
t001598	0	6	0	0	0	0
t001599	0	9	0	-1	0	0
t001600	0	6	5	-2	0	-15
t001601	0	0	10	-4	0	-80
t001602	0	6	8	0	1	0
t001603	0	3	2	4	0	0
t001604	0	4	2	-2	0	-6
t001605	2	7	0	-2	0	0
t001606	0	6	2	0	1	0
t001607	0	7	3	-1	0	1
t001608	2	0	14	-13	0	-2
t001609	0	1	2	0	0	-8
t001610	0	0	0	1	0	0
t001611	0	1	6	-6	5	0
t001612	0	6	0	0	0	0
t001613	0	3	0	3	0	2
t001614	0	2	0	0	0	0
t001615	3	4	-4	-2	2	0
t001616	0	2	6	0	0	0
t001617	0	0	0	-1	1	-1
t001618	0	8	1	0	1	0
t001619	0	3	0	-1	0	0
t001620	0	11	1	-5	0	-3
t001621	-2	8	0	0	0	0
t001622	0	5	0	-4	0	0
t001623	2	5	1	0	0	-1
t001624	0	25	0	0	0	-5
t001625	0	13	1	0	0	0
t001626	0	7	0	0	0	0
t001627	0	2	3	-2	6	0
t001628	0	4	3	0	-2	3
t001629	0	2	3	-2	1	-10
t001630	0	1	2	0	2	0
t001631	0	6	1	0	2	0
t001632	0	14	2	-3	0	0
t001633	0	2	1	0	0	0
t001634	0	2	6	0	0	1
t001635	0	7	3	-2	1	0
t001636	0	6	3	-1	1	0
t001637	0	5	2	0	0	-1
t001638	0	0	12	0	3	0
t001639	0	1	0	0	0	1
t001640	1	2	3	-2	0	0
t001641	2	4	0	0	1	-1
t001642	1	6	1	0	0	-2
t001643	0	7	5	0	0	0
t001644	3	3	0	0	0	1
t001645	0	1	0	0	0	1
t001646	9	1	1	0	0	0
t001647	1	3	0	0	1	0
t001648	0	2	0	-2	0	-1
t001649	2	15	2	-6	21	0
t001650	0	0	0	-3	0	1
t001651	0	3	0	-3	0	0
t001652	0	2	1	0	0	0
t001653	0	1	4	0	7	12
t001654	0	12	0	0	1	3
t001655	0	5	1	-4	0	0
t001656	0	6	0	-1	0	-13
t001657	0	12	4	2	1	-6
t001658	0	5	0	0	0	0
t001659	1	5	35	-3	2	-1
t001660	0	4	3	0	0	0
t001661	0	7	6	-3	0	0
t001662	0	1	0	-10	1	0
t001663	0	3	3	-1	0	0
t001664	1	-2	22	0	0	0
t001665	1	1	3	-3	0	0
t001666	0	1	0	0	-1	0
t001667	1	7	1	-1	0	0
t001668	2	6	3	-1	1	-2
t001669	1	2	7	0	0	0
t001670	0	2	0	0	0	0
t001671	0	4	0	0	0	0
t001672	0	4	0	0	0	-1
t001673	0	1	0	-1	0	-1
t001674	0	7	0	0	0	-1
t001675	0	3	0	0	0	-3
t001676	0	3	0	0	0	0
t001677	1	8	1	-6	3	0
t001678	1	2	0	-1	2	0
t001679	2	10	1	0	1	0
t001680	12	4	2	0	0	0
t001681	2	7	1	0	3	0
t001682	4	7	5	0	0	-1
t001683	0	0	0	-1	0	0
t001684	0	5	2	-2	0	1
t001685	0	8	0	0	0	2
t001686	0	1	8	-7	1	0
t001687	1	0	2	-1	1	0
t001688	1	1	5	-2	2	-2
t001689	0	1	0	0	0	0
t001690	0	2	0	0	0	0
t001691	5	22	1	0	0	3
t001692	0	5	6	0	0	0
t001693	0	1	0	-2	0	0
t001694	0	4	0	-1	0	0
t001695	1	1	2	-2	0	0
t001696	0	0	0	-2	2	0
t001697	4	5	0	0	1	0
t001698	0	47	3	0	2	1
t001699	0	9	6	0	0	0
t001700	0	13	2	0	1	0
t001701	1	2	12	-2	8	0
t001702	1	3	4	-2	0	0
t001703	1	1	0	0	0	0
t001704	0	0	0	-12	1	0
t001705	0	6	0	0	0	-2
t001706	0	1	0	0	0	0
t001707	0	8	11	0	1	0
t001708	6	1	0	0	0	0
t001709	0	2	10	-1	13	11
t001710	2	3	9	0	0	0
t001711	4	22	5	-1	1	0
t001712	0	6	1	-2	0	0
t001713	1	12	13	0	0	0
t001714	0	14	2	1	0	0
t001715	0	2	1	0	0	0
t001716	0	9	0	-2	0	-1
t001717	0	18	0	6	0	0
t001718	1	1	13	-1	0	0
t001719	0	1	0	-1	0	0
t001720	0	6	2	0	0	0
t001721	3	5	0	0	0	0
t001722	0	1	0	-3	3	0
t001723	7	4	2	-1	3	3
t001724	0	10	0	1	0	-8
t001725	0	7	0	0	0	1
t001726	0	7	0	0	0	0
t001727	0	3	3	0	1	0
t001728	7	9	0	-1	2	0
t001729	0	-1	8	-9	0	-20
t001730	0	0	6	0	0	0
t001731	0	0	0	0	0	0
t001732	1	34	0	0	2	0
t001733	0	3	0	0	0	0
t001734	0	4	1	0	1	5
t001735	0	7	1	-1	0	-1
t001736	1	9	1	-2	1	-5
t001737	0	2	0	0	0	0
t001738	0	17	1	0	0	0
t001739	0	4	1	0	0	-4
t001740	0	8	2	-1	0	-4
t001741	0	0	4	0	0	-2
t001742	1	4	0	-2	0	0
t001743	1	2	3	-4	0	0
t001744	0	10	0	0	2	0
t001745	2	19	7	0	0	0
t001746	1	26	2	-3	0	0
t001747	0	4	0	-1	0	0
t001748	0	2	0	0	1	0
t001749	0	0	4	0	0	0
t001750	0	27	0	0	0	0
t001751	0	1	0	0	0	0
t001752	2	5	0	0	0	0
t001753	1	12	0	0	0	0
t001754	-1	2	2	0	0	-4
t001755	-1	12	0	0	0	-1
t001756	0	12	0	0	0	0
t001757	0	0	3	-4	0	0
t001758	0	1	1	-1	0	-1
t001759	0	7	0	0	0	0
t001760	0	4	4	-1	3	0
t001761	0	4	3	-2	0	0
t001762	0	4	2	-2	0	-4
t001763	2	4	17	0	0	0
t001764	0	1	0	0	0	0
t001765	0	6	3	-1	0	-2
t001766	0	1	20	-11	0	0
t001767	0	4	0	0	0	0
t001768	0	7	1	0	0	0
t001769	0	5	2	2	1	0
t001770	0	3	1	0	0	0
t001771	0	1	3	0	1	0
t001772	0	6	0	0	0	1
t001773	0	46	6	0	1	-1
t001774	0	3	3	-1	0	0
t001775	0	6	1	0	0	0
t001776	0	4	2	-1	0	0
t001777	0	32	0	0	0	0
t001778	0	1	0	0	0	0
t001779	1	3	5	0	3	0
t001780	0	0	1	-5	0	-2
t001781	0	15	0	0	0	0
t001782	0	9	0	0	0	0
t001783	0	7	0	-1	0	0
t001784	0	0	9	-39	0	39
t001785	3	3	-1	0	0	-1
t001786	0	5	0	0	0	0
t001787	0	1	0	0	2	0
t001788	0	3	0	0	0	-2
t001789	0	5	0	0	0	0
t001790	5	12	0	0	0	0
t001791	0	5	0	-4	0	1
t001792	3	3	0	0	0	0
t001793	0	14	4	-8	0	-1
t001794	0	2	5	-13	0	-4
t001795	1	11	9	-2	1	0
t001796	0	13	0	-1	1	0
t001797	0	4	2	-2	0	0
t001798	0	2	5	0	0	0
t001799	0	0	0	-1	0	0
t001800	0	0	4	-1	0	0
t001801	3	8	0	-1	0	0
t001802	0	8	0	0	0	-1
t001803	-4	5	1	0	0	0
t001804	1	2	7	-1	0	-2
t001805	0	3	0	0	0	0
t001806	1	14	0	0	0	-2
t001807	0	7	1	0	0	0
t001808	0	0	0	0	0	0
t001809	0	-8	39	-58	0	0
t001810	0	9	10	-7	0	0
t001811	0	6	7	0	0	-1
t001812	0	6	4	-5	-2	-2
t001813	2	4	2	0	-1	0
t001814	0	5	0	-1	1	0
t001815	0	8	0	0	0	0
t001816	0	0	1	0	0	-2
t001817	0	1	0	0	1	2
t001818	1	13	0	1	0	0
t001819	0	9	1	0	0	-2
t001820	0	3	3	0	0	-1
t001821	0	4	0	-1	1	0
t001822	0	0	0	-2	0	-4
t001823	0	14	2	-1	0	0
t001824	0	7	0	0	0	0
t001825	1	2	0	0	0	0
t001826	1	2	0	0	0	0
t001827	0	4	0	0	0	-1
t001828	0	3	0	0	0	0
t001829	0	4	0	0	1	0
t001830	0	10	7	-2	2	-1
t001831	0	0	7	0	0	-3
t001832	0	0	1	-1	0	-1
t001833	1	4	1	0	0	0
t001834	1	1	0	0	0	0
t001835	7	1	22	0	0	0
t001836	1	8	0	0	0	2
t001837	0	0	4	0	0	-3
t001838	0	6	1	-1	5	0
t001839	0	1	1	0	0	0
t001840	0	4	2	0	0	0
t001841	0	14	2	-1	1	-3
t001842	0	6	0	0	0	0
t001843	0	2	0	-7	0	0
t001844	0	40	1	2	0	-2
t001845	0	0	0	-1	0	0
t001846	0	6	0	-5	0	0
t001847	1	0	8	-3	3	0
t001848	0	1	0	0	0	0
t001849	0	1	1	0	0	0
t001850	0	4	0	0	0	0
t001851	0	1	3	0	0	-32
t001852	0	11	0	7	1	-1
t001853	0	0	2	0	0	-12
t001854	0	1	1	-1	1	0
t001855	0	14	6	0	0	0
t001856	0	-7	4	-9	0	-14
t001857	0	4	1	-2	0	-4
t001858	2	4	6	-2	0	0
t001859	0	1	7	-4	-2	-3
t001860	0	2	1	-1	0	0
t001861	0	1	13	-1	0	-1
t001862	-1	2	0	0	0	0
t001863	1	2	-1	0	0	0
t001864	0	5	3	-1	4	0
t001865	0	24	0	0	1	0
t001866	0	8	2	0	0	0
t001867	0	5	0	-2	2	0
t001868	4	1	4	0	0	0
t001869	0	1	1	-4	0	-6
t001870	0	2	0	1	0	2
t001871	0	5	1	-1	0	6
t001872	0	0	2	0	1	0
t001873	0	8	1	-1	1	0
t001874	4	7	1	-2	-17	-1
t001875	2	1	9	0	0	0
t001876	1	10	0	0	1	0
t001877	0	4	1	0	1	0
t001878	0	4	2	-2	0	-2
t001879	0	7	0	0	0	0
t001880	3	10	2	0	1	0
t001881	0	0	0	0	0	0
t001882	0	1	6	-6	0	-1
t001883	-5	6	13	-2	0	-1
t001884	0	5	2	-1	5	-4
t001885	0	3	4	0	0	0
t001886	0	0	5	-2	0	0
t001887	1	4	0	-4	4	-5
t001888	3	3	9	-11	0	0
t001889	1	4	-1	-1	0	0
t001890	0	0	1	0	0	0
t001891	0	7	0	0	0	0
t001892	0	9	2	-1	1	0
t001893	0	6	0	-6	0	-1
t001894	-1	4	2	0	0	-1
t001895	0	3	3	0	3	-2
t001896	0	2	1	-7	1	-6
t001897	0	4	1	-1	3	0
t001898	0	1	2	-1	0	0
t001899	0	2	2	-1	0	-7
t001900	0	3	0	0	0	0
t001901	0	0	6	-3	0	0
t001902	0	2	0	2	0	-8
t001903	0	7	6	0	1	0
t001904	0	2	0	2	0	0
t001905	0	0	0	-1	0	-17
t001906	0	3	1	0	4	0
t001907	0	1	1	0	1	0
t001908	0	4	0	0	0	0
t001909	0	7	14	0	0	0
t001910	0	9	0	0	0	0
t001911	0	0	5	0	0	0
t001912	0	3	0	0	1	0
t001913	0	2	3	0	0	0
t001914	0	12	0	0	0	0
t001915	2	4	0	-1	0	0
t001916	2	1	4	0	1	0
t001917	1	4	4	0	0	0
t001918	0	0	6	-2	0	0
t001919	0	11	4	2	0	0
t001920	0	7	0	-2	0	0
t001921	0	1	0	-1	0	0
t001922	0	2	2	0	4	0
t001923	0	1	2	0	0	1
t001924	0	9	1	-1	0	-3
t001925	0	3	2	0	1	0
t001926	0	3	1	-1	0	0
t001927	0	7	3	0	0	0
t001928	0	9	6	-2	4	0
t001929	1	1	4	-6	0	0
t001930	0	4	0	0	0	0
t001931	0	4	1	0	0	0
t001932	1	55	2	0	0	0
t001933	0	5	1	-2	0	0
t001934	0	3	8	0	0	-3
t001935	2	6	7	0	0	0
t001936	2	12	2	0	0	0
t001937	0	5	4	-2	2	0
t001938	1	4	3	0	0	0
t001939	0	10	0	0	0	0
t001940	0	6	1	0	0	0
t001941	0	6	18	-1	0	0
t001942	0	0	0	0	0	1
t001943	0	7	2	0	0	-2
t001944	0	5	1	0	0	2
t001945	0	1	14	-1	0	0
t001946	1	12	4	0	0	-1
t001947	4	2	0	0	0	0
t001948	0	2	4	-1	0	0
t001949	0	3	2	-1	0	1
t001950	1	7	2	0	1	0
t001951	0	5	0	0	0	0
t001952	1	0	0	0	0	0
t001953	0	-1	0	-1	0	0
t001954	6	2	8	-1	4	0
t001955	0	4	5	0	0	0
t001956	0	0	0	-1	1	0
t001957	0	3	4	0	10	-1
t001958	0	0	8	-4	0	-12
t001959	0	5	0	1	2	0
t001960	0	8	0	0	-1	0
t001961	4	2	4	-2	0	-3
t001962	0	5	6	-1	1	-1
t001963	0	2	0	0	0	0
t001964	0	7	7	-2	0	1
t001965	10	2	3	0	0	0
t001966	0	6	2	-1	0	0
t001967	0	2	37	-1	0	0
t001968	0	1	1	0	0	0
t001969	0	4	7	-1	7	0
t001970	2	5	5	-3	1	0
t001971	0	1	4	-1	0	1
t001972	17	0	1	0	0	0
t001973	0	0	2	-1	2	0
t001974	4	9	1	0	1	0
t001975	0	8	2	0	0	0
t001976	0	6	8	-1	0	0
t001977	0	2	1	0	0	0
t001978	3	1	3	0	0	0
t001979	2	6	6	-1	-1	0
t001980	0	11	-1	0	0	0
t001981	0	5	1	0	0	0
t001982	-1	0	0	0	0	0
t001983	0	2	4	-2	-1	0
t001984	0	11	1	-2	0	-3
t001985	6	10	0	-1	0	-1
t001986	2	15	4	0	3	0
t001987	1	0	8	0	0	0
t001988	0	2	0	0	1	0
t001989	0	5	1	0	2	4
t001990	0	12	2	0	0	-1
t001991	0	0	0	0	0	0
t001992	1	0	86	-3	0	0
t001993	0	4	0	0	0	0
t001994	0	4	20	-7	0	0
t001995	0	6	3	0	0	-1
t001996	1	2	0	0	0	0
t001997	0	9	-1	0	1	0
t001998	0	11	-12	0	54	0
t001999	0	1	4	0	0	-1
t002000	0	1	1	0	0	1
t002001	-1	1	3	-3	0	0
t002002	0	1	0	0	0	0
t002003	0	1	7	-2	0	0
t002004	3	10	11	-3	0	0
t002005	0	2	0	0	0	-2
t002006	0	3	0	-2	0	0
t002007	-2	7	1	0	1	0
t002008	2	9	0	0	0	0
t002009	0	3	-1	-4	0	0
t002010	0	3	-1	0	1	0
t002011	0	0	0	0	0	-3
t002012	0	1	-2	-1	0	0
t002013	0	4	1	-1	0	-1
t002014	0	3	-1	-3	-2	-5
t002015	0	4	0	0	1	-3
t002016	1	3	3	-3	1	0
t002017	0	2	15	-7	1	0
t002018	0	4	1	0	0	0
t002019	0	5	0	0	0	0
t002020	0	7	2	0	0	-1
t002021	0	0	0	0	0	-2
t002022	4	5	2	-1	1	0
t002023	0	4	-1	0	1	-1
t002024	-3	7	0	0	1	2
t002025	0	1	1	-3	0	0
t002026	0	4	0	0	-1	-1
t002027	0	3	0	-2	1	-2
t002028	0	5	2	0	0	0
t002029	0	2	2	0	1	0
t002030	0	10	4	0	2	2
t002031	0	9	1	0	0	-1
t002032	0	18	0	0	0	0
t002033	2	7	0	-2	-1	0
t002034	1	5	1	0	0	-1
t002035	0	2	1	0	0	-4
t002036	1	11	12	1	0	0
t002037	1	19	1	-1	0	0
t002038	0	6	13	0	2	1
t002039	-2	4	19	0	2	0
t002040	0	19	1	-2	0	2
t002041	1	5	0	-3	0	0
t002042	0	17	1	0	1	0
t002043	0	1	3	0	0	0
t002044	6	3	0	0	0	3
t002045	0	8	0	-1	0	0
t002046	0	12	-1	0	0	0
t002047	0	4	2	0	0	-2
t002048	1	4	8	-1	0	0
t002049	0	5	10	0	6	12
t002050	0	7	5	0	1	0
t002051	0	10	0	-1	0	-2
t002052	0	4	2	0	0	-8
t002053	0	6	2	-4	-4	-3
t002054	6	2	1	0	0	0
t002055	0	9	1	0	0	1
t002056	-2	2	1	17	0	-10
t002057	2	8	5	25	1	-1
t002058	0	1	2	0	0	0
t002059	0	6	23	-2	4	0
t002060	0	1	0	0	0	1
t002061	0	12	2	0	0	1
t002062	0	5	0	-1	0	0
t002063	2	1	1	-3	0	-1
t002064	1	18	1	0	0	0
t002065	0	5	0	-1	0	0
t002066	0	5	0	0	-1	-1
t002067	0	7	1	0	0	0
t002068	0	1	1	0	1	1
t002069	0	1	2	-1	0	0
t002070	-1	4	1	0	0	0
t002071	0	2	1	0	0	-1
t002072	0	1	13	-1	0	0
t002073	0	4	0	1	0	0
t002074	0	33	8	-7	0	-9
t002075	0	8	4	0	2	0
t002076	0	0	-1	0	0	0
t002077	0	4	1	0	0	0
t002078	0	3	1	0	0	0
t002079	4	2	4	0	0	0
t002080	-1	3	4	-2	1	-5
t002081	0	1	1	0	0	-2
t002082	0	0	1	0	1	0
t002083	0	5	0	-1	1	0
t002084	0	3	2	-2	0	0
t002085	0	2	1	0	0	0
t002086	0	0	0	0	1	0
t002087	0	2	3	0	2	0
t002088	0	3	0	-1	0	0
t002089	0	3	1	0	1	-2
t002090	0	3	0	1	0	0
t002091	0	0	1	0	5	0
t002092	0	5	0	-1	0	0
t002093	0	4	0	0	0	0
t002094	0	1	0	0	0	0
t002095	0	4	1	-2	2	0
t002096	0	3	0	0	1	0
t002097	0	1	0	0	0	0
t002098	0	0	5	-1	0	-36
t002099	0	20	4	-1	0	0
t002100	0	10	0	1	1	0
t002101	0	2	0	0	0	0
t002102	0	14	0	0	0	-11
t002103	0	14	2	0	1	-1
t002104	0	3	1	-1	0	0
t002105	1	3	1	0	0	0
t002106	0	3	0	0	0	-1
t002107	0	32	2	0	0	0
t002108	0	2	1	-1	0	0
t002109	0	9	1	0	0	0
t002110	0	3	1	0	0	-2
t002111	0	14	0	-3	0	0
t002112	0	5	1	0	0	2
t002113	1	1	4	0	0	1
t002114	1	7	10	0	11	24
t002115	0	0	0	0	0	0
t002116	2	1	0	-7	0	-6
t002117	0	0	1	-1	2	1
t002118	6	17	8	-1	1	0
t002119	0	4	27	-15	1	0
t002120	0	4	0	0	4	1
t002121	0	6	0	0	1	0
t002122	1	2	0	0	2	0
t002123	0	5	0	-1	0	0
t002124	-1	4	0	0	2	-3
t002125	26	7	5	-12	1	0
t002126	1	3	2	-2	0	0
t002127	-1	13	14	0	0	0
t002128	1	2	8	0	0	0
t002129	0	13	9	-6	1	-8
t002130	0	9	0	-2	0	0
t002131	2	3	4	1	0	-1
t002132	0	3	1	0	1	0
t002133	3	1	9	0	0	0
t002134	0	0	3	0	1	0
t002135	0	18	0	0	0	0
t002136	0	5	2	0	0	0
t002137	0	-3	3	-1	0	0
t002138	-3	5	2	1	0	-1
t002139	0	4	0	0	0	0
t002140	1	2	7	0	0	0
t002141	1	8	2	-1	2	0
t002142	0	2	14	-3	0	-7
t002143	0	6	2	-3	0	0
t002144	0	1	1	-1	0	0
t002145	0	17	0	0	1	0
t002146	0	1	1	0	3	0
t002147	0	3	0	0	0	-1
t002148	0	1	0	0	0	0
t002149	0	7	0	0	0	0
t002150	1	0	1	0	0	0
t002151	0	8	0	-1	0	0
t002152	0	4	0	0	0	0
t002153	1	0	5	0	0	-1
t002154	0	0	4	0	0	0
t002155	0	1	5	-1	0	-1
t002156	2	4	5	0	0	0
t002157	0	2	5	-2	8	-1
t002158	0	3	0	-1	0	0
t002159	0	3	5	-1	0	0
t002160	0	5	0	0	0	0
t002161	0	13	0	1	0	0
t002162	0	6	2	-4	0	0
t002163	0	4	3	0	0	0
t002164	0	4	0	0	0	1
t002165	-1	8	1	-2	0	-8
t002166	0	19	0	0	1	-1
t002167	0	20	4	-2	1	-1
t002168	0	14	0	0	0	0
t002169	2	10	0	0	0	0
t002170	0	0	0	0	0	-2
t002171	0	2	22	0	4	1
t002172	5	1	0	0	1	0
t002173	-1	8	2	-2	0	0
t002174	0	7	0	0	0	0
t002175	0	2	7	0	1	1
t002176	0	4	2	0	0	0
t002177	2	8	5	0	0	0
t002178	1	4	2	-3	0	0
t002179	3	25	-43	0	0	0
t002180	0	2	0	0	1	0
t002181	0	4	0	0	0	-3
t002182	0	3	0	0	0	0
t002183	0	2	1	0	1	0
t002184	0	7	2	0	0	-1
t002185	0	0	0	0	1	0
t002186	16	7	0	0	0	0
t002187	-1	15	0	0	0	0
t002188	0	5	1	-3	0	0
t002189	0	3	1	0	0	0
t002190	0	3	0	0	3	0
t002191	0	4	0	-3	0	-1
t002192	0	4	1	0	0	0
t002193	0	0	0	0	0	0
t002194	0	2	1	-1	0	0
t002195	0	0	0	-5	0	0
t002196	1	1	1	0	4	0
t002197	0	-34	48	0	0	0
t002198	0	14	0	0	0	-1
t002199	2	7	0	0	0	0
t002200	0	2	3	0	0	-1
t002201	0	0	4	0	0	0
t002202	0	1	3	0	0	0
t002203	1	3	0	-4	0	-1
t002204	1	5	0	0	0	0
t002205	0	2	1	0	0	0
t002206	0	3	0	0	-4	-1
t002207	0	3	1	0	0	-1
t002208	0	8	11	0	0	0
t002209	0	5	3	-4	0	-1
t002210	0	8	0	0	1	0
t002211	0	5	2	-4	0	0
t002212	0	3	13	-1	0	-1
t002213	0	2	0	-1	0	0
t002214	0	2	11	-3	1	-2
t002215	2	5	3	0	2	0
t002216	1	3	2	0	0	0
t002217	0	0	1	0	0	0
t002218	1	17	1	-1	1	0
t002219	2	5	0	-1	0	-1
t002220	0	9	5	0	1	0
t002221	0	4	1	-1	0	0
t002222	0	17	0	0	0	0
t002223	0	1	0	-2	0	0
t002224	0	6	0	0	0	0
t002225	0	1	0	0	0	-1
t002226	1	4	0	0	0	0
t002227	1	5	1	-1	0	-1
t002228	1	10	0	-1	0	0
t002229	0	7	6	0	0	0
t002230	0	3	0	0	2	0
t002231	2	9	2	0	2	0
t002232	0	4	0	0	0	0
t002233	0	2	1	0	0	-10
t002234	0	1	1	0	1	0
t002235	2	1	11	-2	0	0
t002236	-1	2	5	0	1	-1
t002237	1	8	0	4	0	0
t002238	0	3	2	-2	0	-6
t002239	0	2	0	0	0	0
t002240	3	2	1	0	0	0
t002241	0	5	2	-1	0	0
t002242	6	8	6	-1	1	0
t002243	0	2	1	-1	1	0
t002244	0	7	1	-1	2	0
t002245	0	6	0	-1	1	0
t002246	0	6	3	0	1	0
t002247	0	7	1	0	0	-4
t002248	-11	0	12	-5	-2	0
t002249	1	4	0	0	1	0
t002250	1	1	2	-1	4	-6
t002251	0	10	0	0	0	0
t002252	2	3	0	-1	0	0
t002253	0	16	3	-1	0	-2
t002254	0	12	0	0	0	0
t002255	0	0	0	0	0	-1
t002256	0	3	1	-1	0	-3
t002257	2	5	6	0	0	1
t002258	2	6	2	-2	1	-1
t002259	0	8	1	-2	0	-2
t002260	0	6	0	-1	0	-2
t002261	0	5	5	0	0	0
t002262	0	1	0	0	0	-8
t002263	0	8	2	-1	0	0
t002264	0	13	0	-3	0	-3
t002265	0	3	1	-2	0	-3
t002266	0	2	4	0	1	0
t002267	0	10	2	-2	0	0
t002268	0	18	7	-4	1	-1
t002269	1	1	0	0	0	0
t002270	0	14	1	-2	0	-4
t002271	0	3	0	2	0	-1
t002272	0	17	0	-1	0	0
t002273	0	30	8	0	0	0
t002274	0	0	1	0	0	-18
t002275	-3	5	4	0	0	-1
t002276	0	3	0	0	-2	0
t002277	0	7	3	-3	0	0
t002278	2	5	6	-2	0	0
t002279	1	5	0	0	0	-1
t002280	0	4	0	0	0	0
t002281	0	4	1	0	0	0
t002282	0	5	3	-4	1	-5
t002283	1	6	8	0	0	0
t002284	2	2	3	-1	1	0
t002285	0	8	2	1	3	0
t002286	0	4	3	0	0	0
t002287	0	18	2	0	0	0
t002288	0	4	4	0	3	0
t002289	0	4	0	0	0	0
t002290	-1	8	2	-4	0	-1
t002291	0	4	-1	0	0	0
t002292	0	17	0	0	0	-2
t002293	0	6	0	0	0	0
t002294	-1	5	0	-10	0	-18
t002295	0	0	2	-1	0	0
t002296	0	9	1	-1	0	0
t002297	0	2	44	0	0	0
t002298	0	4	0	0	1	0
t002299	0	5	5	-1	0	-2
t002300	-1	9	1	-1	2	1
t002301	0	14	1	0	1	-1
t002302	0	7	1	0	0	-2
t002303	0	10	0	-2	1	0
t002304	0	3	1	-1	0	-1
t002305	3	8	2	-1	0	0
t002306	4	7	1	0	1	0
t002307	0	0	14	-2	0	0
t002308	0	26	5	0	0	-1
t002309	2	1	5	-1	0	-1
t002310	0	6	2	0	0	0
t002311	0	3	2	-3	0	0
t002312	0	2	5	0	0	-2
t002313	0	2	19	0	0	0
t002314	0	9	0	0	0	0
t002315	1	5	1	-4	2	-7
t002316	0	2	0	0	0	-2
t002317	0	4	0	-4	0	0
t002318	-2	3	13	-1	3	0
t002319	0	6	2	0	0	0
t002320	0	10	2	0	0	0
t002321	0	2	0	0	1	-13
t002322	0	5	0	0	0	-4
t002323	0	9	0	0	1	0
t002324	0	7	0	0	0	0
t002325	0	1	1	0	0	-1
t002326	0	9	2	0	5	-2
t002327	2	15	4	0	1	0
t002328	1	-12	7	-9	1	0
t002329	0	0	-3	-2	0	-1
t002330	0	0	0	0	0	0
t002331	2	8	0	0	0	-1
t002332	-1	21	5	-8	0	-5
t002333	0	4	2	-2	11	0
t002334	0	0	0	0	0	0
t002335	0	5	0	-1	0	0
t002336	0	1	0	0	0	0
t002337	6	6	19	-1	2	-3
t002338	0	19	3	0	2	0
t002339	0	11	3	0	17	0
t002340	1	1	0	0	0	0
t002341	0	3	4	-6	0	-5
t002342	0	1	2	-2	0	0
t002343	0	0	8	1	2	0
t002344	0	1	1	0	0	0
t002345	0	2	3	0	0	0
t002346	0	2	9	-1	4	0
t002347	1	0	2	0	1	0
t002348	0	2	1	0	0	0
t002349	0	0	1	0	0	-13
t002350	0	9	1	-2	0	0
t002351	1	10	0	-1	1	0
t002352	0	5	0	0	0	0
t002353	1	12	1	0	0	0
t002354	0	3	-1	-3	0	-1
t002355	0	5	1	-2	0	0
t002356	0	4	0	0	1	0
t002357	0	2	24	-6	0	-1
t002358	0	6	1	0	1	0
t002359	0	3	1	0	1	0
t002360	0	2	0	-3	0	0
t002361	0	6	2	0	0	0
t002362	0	1	6	-1	2	0
t002363	0	2	0	0	0	0
t002364	0	2	-2	-2	0	-2
t002365	0	9	3	0	3	0
t002366	0	7	9	-3	0	0
t002367	0	2	0	0	1	0
t002368	1	14	1	0	1	0
t002369	0	1	0	0	3	0
t002370	0	4	1	-1	0	1
t002371	1	8	0	0	1	0
t002372	0	8	0	0	0	0
t002373	0	9	35	0	14	0
t002374	0	1	0	0	1	1
t002375	0	1	0	-2	0	-1
t002376	0	-2	29	-4	1	0
t002377	0	3	1	0	0	0
t002378	0	2	0	0	0	0
t002379	0	0	0	-1	0	-2
t002380	0	3	0	0	0	0
t002381	1	0	0	0	0	0
t002382	0	0	2	-10	0	-3
t002383	4	12	0	-3	0	0
t002384	0	1	1	4	0	-5
t002385	0	10	0	0	0	0
t002386	-1	0	1	0	0	0
t002387	-1	-1	1	0	0	0
t002388	1	1	1	0	1	0
t002389	0	5	3	0	0	-1
t002390	0	0	8	0	0	0
t002391	3	4	4	-5	0	0
t002392	0	5	0	0	3	0
t002393	2	1	0	-1	0	0
t002394	0	4	0	4	0	0
t002395	0	5	2	-1	1	0
t002396	1	0	24	-7	0	0
t002397	0	4	15	-7	0	-1
t002398	1	12	2	0	0	0
t002399	0	9	1	0	0	1
t002400	0	17	0	0	3	0
t002401	0	0	1	0	0	0
t002402	0	1	0	0	0	0
t002403	1	22	3	-2	1	-1
t002404	0	1	6	-1	0	0
t002405	0	3	5	1	0	0
t002406	0	1	0	0	0	0
t002407	2	6	2	-3	-3	-2
t002408	0	1	4	-2	0	0
t002409	0	0	4	0	0	0
t002410	0	3	1	0	0	-2
t002411	2	8	1	0	1	0
t002412	1	2	41	0	0	0
t002413	-3	9	1	-1	1	-3
t002414	1	2	0	-1	0	-4
t002415	0	0	8	0	0	0
t002416	0	12	0	0	0	0
t002417	0	29	0	0	4	-1
t002418	0	8	2	0	0	0
t002419	0	3	1	0	0	1
t002420	0	2	4	0	0	0
t002421	0	0	1	0	0	0
t002422	0	7	0	0	0	-1
t002423	0	0	15	-1	0	0
t002424	0	4	0	0	-1	0
t002425	0	8	11	-3	0	0
t002426	0	13	2	-1	0	-1
t002427	0	2	4	0	0	1
t002428	0	1	1	-1	1	-1
t002429	4	39	-17	0	0	-1
t002430	0	1	0	-1	0	0
t002431	0	0	1	-3	0	-3
t002432	1	3	1	-2	0	0
t002433	0	-1	16	-4	1	-4
t002434	1	14	0	0	0	0
t002435	0	7	2	0	0	-2
t002436	11	4	0	-2	0	-9
t002437	1	6	4	0	1	0
t002438	2	6	12	-9	0	0
t002439	0	6	26	-6	0	-5
t002440	0	12	14	-3	0	-2
t002441	1	4	0	0	0	0
t002442	0	6	2	-2	0	-1
t002443	0	2	5	0	0	0
t002444	0	-4	3	0	0	-73
t002445	1	3	7	-1	0	0
t002446	0	27	1	0	16	1
t002447	1	7	2	0	0	0
t002448	-2	3	24	-1	0	-3
t002449	0	0	1	-8	-1	-4
t002450	0	2	1	0	0	0
t002451	0	-2	1	-2	0	7
t002452	0	3	-1	0	0	-2
t002453	0	10	14	0	0	0
t002454	-2	2	14	-4	-2	0
t002455	0	4	0	-2	1	-2
t002456	0	11	3	1	4	0
t002457	0	17	0	1	0	0
t002458	0	6	32	-8	0	-1
t002459	1	9	0	0	1	0
t002460	0	15	0	1	0	-3
t002461	0	11	3	-4	0	-2
t002462	0	3	5	-1	0	0
t002463	0	4	3	-1	0	-1
t002464	0	2	1	1	0	-1
t002465	4	11	4	0	1	0
t002466	0	0	0	0	0	0
t002467	0	3	0	0	0	4
t002468	0	-25	8	-5	1	-31
t002469	1	2	0	-2	0	-3
t002470	0	13	4	0	2	-6
t002471	0	3	3	-1	1	0
t002472	0	2	0	-1	1	0
t002473	1	10	3	-3	0	0
t002474	0	17	0	-1	0	0
t002475	0	0	0	0	0	-2
t002476	0	2	3	-1	0	0
t002477	0	3	0	0	0	0
t002478	0	5	1	0	-2	0
t002479	0	11	1	0	0	-1
t002480	0	3	4	0	1	0
t002481	0	8	0	0	0	0
t002482	0	1	0	0	0	4
t002483	0	0	-1	0	0	-5
t002484	0	5	0	0	0	0
t002485	0	3	1	-1	1	0
t002486	0	7	2	0	0	-1
t002487	0	0	3	0	0	0
t002488	0	9	0	0	1	-1
t002489	0	-1	1	-1	-69	-77
t002490	0	6	0	-1	0	-1
t002491	0	1	0	1	0	0
t002492	12	0	6	0	1	0
t002493	0	8	0	0	1	-2
t002494	0	5	0	0	0	-6
t002495	1	7	0	0	0	-1
t002496	0	0	3	0	0	-1
t002497	0	3	0	1	0	0
t002498	0	0	1	-1	0	-1
t002499	0	3	1	0	0	0
t002500	0	1	2	-1	0	0
t002501	0	2	5	-1	5	-3
t002502	0	2	0	0	0	0
t002503	0	3	2	0	1	0
t002504	4	8	18	-13	1	0
t002505	0	1	0	0	1	0
t002506	0	1	2	-13	0	-7
t002507	0	10	9	3	0	0
t002508	0	8	0	0	0	0
t002509	1	0	2	-3	0	-6
t002510	0	2	4	-1	2	0
t002511	1	3	2	0	1	-2
t002512	-2	10	4	-2	1	0
t002513	2	14	0	0	0	0
t002514	0	0	0	0	0	0
t002515	0	2	7	0	1	0
t002516	0	0	0	0	3	0
t002517	1	4	1	1	0	0
t002518	-1	15	1	0	0	0
t002519	-1	2	0	-2	-1	0
t002520	0	5	12	-1	0	0
t002521	0	9	-1	0	1	-4
t002522	0	3	0	-1	0	-6
t002523	0	2	1	0	-3	-2
t002524	0	11	5	0	1	-2
t002525	0	2	0	0	0	0
t002526	0	4	0	-1	1	0
t002527	0	1	10	-1	3	-6
t002528	0	8	2	5	0	0
t002529	0	3	4	0	0	-1
t002530	1	0	3	-3	1	0
t002531	0	0	0	0	0	0
t002532	-1	-1	39	0	2	-1
t002533	0	2	0	0	0	0
t002534	-1	2	12	0	-1	0
t002535	-1	0	4	-1	0	-1
t002536	0	4	23	-5	0	-4
t002537	0	10	4	1	1	-1
t002538	1	10	2	0	2	0
t002539	1	8	4	0	0	0
t002540	-3	10	1	0	0	-10
t002541	7	1	1	0	0	0
t002542	0	9	3	16	1	-1
t002543	0	8	2	-1	2	0
t002544	0	4	1	0	3	0
t002545	1	0	0	0	1	0
t002546	0	0	0	0	0	-1
t002547	0	2	9	-1	0	0
t002548	0	3	3	-2	1	-3
t002549	0	4	0	0	0	0
t002550	1	8	6	0	5	0
t002551	2	7	-1	0	0	0
t002552	0	0	0	0	3	0
t002553	1	6	8	-6	1	0
t002554	0	1	0	-1	0	0
t002555	-1	7	0	-1	0	-2
t002556	0	0	10	-3	3	-3
t002557	0	0	0	0	0	-2
t002558	0	4	0	0	0	0
t002559	0	12	8	-1	0	0
t002560	3	16	6	-1	0	0
t002561	4	6	15	-3	1	0
t002562	0	3	3	-1	1	-5
t002563	0	1	0	0	0	0
t002564	0	11	27	-2	0	0
t002565	0	1	1	-3	0	-5
t002566	0	2	28	-1	0	0
t002567	0	2	14	-3	0	0
t002568	0	1	2	0	1	0
t002569	-2	2	1	0	0	0
t002570	0	16	1	-5	0	1
t002571	0	1	11	-2	1	0
t002572	1	0	0	-1	0	0
t002573	0	32	6	-2	1	-3
t002574	0	2	1	-1	0	-1
t002575	0	11	4	2	3	0
t002576	0	0	7	-21	0	0
t002577	0	0	2	-2	1	-5
t002578	2	7	2	0	0	-8
t002579	0	2	0	0	1	1
t002580	0	1	0	0	0	0
t002581	0	0	11	0	0	0
t002582	0	3	0	0	0	0
t002583	0	5	2	-3	5	-1
t002584	23	25	0	0	0	0
t002585	0	0	0	0	0	0
t002586	3	16	2	-1	12	0
t002587	1	9	0	0	0	0
t002588	0	8	3	0	0	-1
t002589	0	4	1	-2	0	0
t002590	0	2	3	0	0	0
t002591	-2	10	4	-1	0	-6
t002592	2	6	0	0	0	0
t002593	0	2	2	0	0	0
t002594	0	2	7	-1	0	0
t002595	0	2	4	-1	0	0
t002596	0	29	-3	-6	1	-3
t002597	0	10	2	-3	1	0
t002598	0	3	1	-2	0	1
t002599	0	1	0	0	0	0
t002600	0	3	2	-3	0	-31
t002601	0	0	3	0	0	0
t002602	0	5	21	-13	2	0
t002603	-3	6	2	-1	0	-5
t002604	0	6	5	1	7	0
t002605	-1	5	0	-2	0	-3
t002606	0	8	1	0	0	0
t002607	0	3	10	0	1	-3
t002608	0	5	0	0	0	0
t002609	0	1	1	1	1	1
t002610	0	3	2	-1	0	-19
t002611	0	7	25	-1	0	0
t002612	-1	7	8	0	0	0
t002613	0	3	0	-1	0	0
t002614	1	6	1	0	0	-3
t002615	0	0	3	-5	0	0
t002616	3	4	0	0	0	0
t002617	-1	6	9	-1	0	0
t002618	0	4	0	4	0	-1
t002619	0	7	4	0	0	0
t002620	0	7	16	0	0	-5
t002621	15	2	0	0	0	0
t002622	0	2	0	0	0	0
t002623	0	4	6	0	0	0
t002624	0	1	0	0	0	0
t002625	0	0	0	0	1	-1
t002626	0	9	2	0	0	0
t002627	0	2	4	0	0	0
t002628	0	7	1	-1	0	3
t002629	0	2	0	-1	0	0
t002630	0	1	1	-1	0	0
t002631	1	6	0	0	1	0
t002632	1	9	0	-10	1	0
t002633	0	5	24	-7	0	0
t002634	0	3	1	-1	0	-1
t002635	0	3	0	0	1	0
t002636	0	3	0	0	0	0
t002637	0	1	0	0	0	-6
t002638	0	2	12	0	0	0
t002639	0	3	1	0	0	0
t002640	1	51	7	-13	0	-6
t002641	14	26	5	0	1	0
t002642	0	0	1	-1	0	0
t002643	0	7	0	0	0	1
t002644	0	3	0	-1	0	0
t002645	0	7	2	-2	0	0
t002646	-1	3	11	-1	5	-3
t002647	1	2	3	0	3	-1
t002648	0	0	3	0	0	0
t002649	0	7	2	-3	4	-1
t002650	0	2	4	-2	0	0
t002651	1	0	1	-2	0	-2
t002652	4	3	2	-2	1	0
t002653	0	0	2	0	0	0
t002654	0	2	3	0	0	0
t002655	1	11	2	0	1	0
t002656	0	2	0	0	0	0
t002657	-2	2	0	0	0	0
t002658	0	5	2	0	0	-1
t002659	0	19	0	1	0	0
t002660	0	6	1	-1	1	0
t002661	0	15	3	1	1	0
t002662	0	19	2	0	1	0
t002663	0	2	4	-1	-1	0
t002664	0	1	0	0	2	-3
t002665	0	2	0	0	2	0
t002666	0	17	14	-1	4	-2
t002667	1	2	1	0	0	2
t002668	0	2	1	-1	0	0
t002669	0	3	0	0	2	-1
t002670	0	3	0	0	1	0
t002671	2	4	2	-2	2	-2
t002672	0	1	3	0	0	0
t002673	0	1	0	0	0	0
t002674	0	4	6	-2	2	-2
t002675	0	7	3	-1	0	0
t002676	0	4	2	-2	3	-12
t002677	0	1	0	0	0	0
t002678	0	3	0	0	0	0
t002679	2	6	10	-2	0	-1
t002680	-1	-1	14	-10	-2	-1
t002681	0	13	0	0	0	0
t002682	1	8	12	-8	0	0
t002683	0	11	1	0	3	-1
t002684	0	6	0	-1	0	0
t002685	1	7	1	0	0	0
t002686	0	3	0	0	0	-1
t002687	0	0	0	-1	0	0
t002688	0	14	2	0	2	0
t002689	-10	2	2	-4	0	-1
t002690	-15	7	7	-1	0	-1
t002691	0	6	1	0	0	0
t002692	1	3	1	-1	0	-1
t002693	1	19	5	-3	0	0
t002694	4	1	0	0	0	0
t002695	1	5	1	-1	2	0
t002696	0	5	1	0	1	0
t002697	0	0	0	0	0	0
t002698	0	4	8	-3	0	-2
t002699	3	1	3	-1	0	0
t002700	2	6	14	0	3	0
t002701	0	3	0	0	0	0
t002702	0	1	0	0	0	7
t002703	2	4	0	-1	1	0
t002704	0	1	3	-6	0	-11
t002705	0	3	0	0	0	0
t002706	0	2	1	-1	0	-1
t002707	1	3	2	-1	0	0
t002708	0	2	2	0	0	0
t002709	0	20	4	-7	0	0
t002710	1	5	7	-1	0	0
t002711	2	17	2	0	0	0
t002712	0	9	2	-2	3	0
t002713	0	7	1	-3	1	0
t002714	-1	0	5	-1	0	0
t002715	0	4	2	0	0	0
t002716	-1	6	-1	-3	0	-1
t002717	0	3	0	0	0	-1
t002718	1	5	2	0	0	2
t002719	0	4	2	-2	0	-8
t002720	0	3	0	0	0	0
t002721	2	7	3	-1	1	0
t002722	0	1	0	-2	0	0
t002723	0	18	3	0	0	0
t002724	0	0	0	0	0	-1
t002725	0	7	1	0	0	1
t002726	0	6	0	0	0	0
t002727	0	4	0	-1	0	0
t002728	-3	4	32	-6	0	0
t002729	0	1	0	0	0	1
t002730	6	8	11	0	0	-1
t002731	1	3	16	-5	1	0
t002732	1	12	0	-4	0	0
t002733	0	5	0	0	0	0
t002734	1	3	2	0	1	0
t002735	2	4	0	0	0	0
t002736	9	4	5	-3	1	0
t002737	0	13	1	0	0	-5
t002738	0	2	2	-1	2	0
t002739	0	44	32	-1	1	-78
t002740	0	4	3	-1	-1	-2
t002741	0	0	0	0	0	0
t002742	-25	1	5	-2	0	0
t002743	-6	-5	14	-8	0	0
t002744	0	2	0	0	0	-2
t002745	0	7	0	-2	0	0
t002746	-1	2	9	-1	1	-8
t002747	0	2	2	-1	4	0
t002748	0	0	4	6	0	-1
t002749	0	6	1	0	1	0
t002750	0	0	2	0	0	0
t002751	0	0	3	0	0	0
t002752	0	3	1	0	1	0
t002753	0	8	2	0	0	-4
t002754	3	5	4	-1	5	5
t002755	0	24	3	-1	8	0
t002756	-1	8	13	3	3	-1
t002757	2	1	1	0	0	0
t002758	0	1	2	0	0	0
t002759	1	14	9	0	0	-2
t002760	6	2	17	-5	-12	0
t002761	1	0	5	-3	0	0
t002762	0	4	0	-1	0	0
t002763	0	15	9	-3	0	-2
t002764	0	1	7	-3	0	-2
t002765	0	19	0	-1	-1	-1
t002766	0	3	1	-1	0	-3
t002767	2	6	0	-1	0	0
t002768	2	2	2	0	1	0
t002769	0	2	0	0	0	0
t002770	0	7	3	-1	1	0
t002771	0	3	5	-2	1	-2
t002772	0	0	0	-1	0	-1
t002773	1	3	21	-1	0	0
t002774	0	2	0	0	0	0
t002775	0	3	0	0	0	0
t002776	0	2	1	-1	0	0
t002777	4	3	12	-2	0	0
t002778	0	1	2	0	0	-1
t002779	-8	6	6	-4	0	-19
t002780	2	5	20	-11	1	1
t002781	0	1	25	-6	0	-2
t002782	0	2	4	-1	0	-2
t002783	0	2	17	0	1	-1
t002784	2	0	5	-7	1	0
t002785	2	2	16	0	0	0
t002786	2	2	1	0	0	0
t002787	1	7	2	-4	1	0
t002788	0	3	0	-2	6	-1
t002789	0	2	3	-1	0	-2
t002790	0	5	10	0	1	1
t002791	0	7	1	0	0	0
t002792	2	11	0	0	0	-1
t002793	0	2	5	-1	0	1
t002794	0	0	3	0	0	0
t002795	0	8	13	0	0	-2
t002796	0	3	0	0	1	0
t002797	0	4	0	0	0	0
t002798	0	1	0	0	0	1
t002799	0	2	0	-3	1	-8
t002800	0	1	14	-10	1	-9
t002801	0	4	36	-2	0	-29
t002802	3	13	11	-2	0	0
t002803	-1	4	22	-2	0	-2
t002804	0	0	0	-6	0	0
t002805	1	14	2	-4	0	0
t002806	0	7	5	0	0	1
t002807	0	1	0	0	0	0
t002808	0	4	1	-2	4	0
t002809	0	2	1	-1	0	0
t002810	5	4	15	-3	0	-8
t002811	0	5	5	-19	0	-10
t002812	3	10	1	-2	0	0
t002813	2	3	3	-1	1	0
t002814	0	3	8	0	0	0
t002815	0	0	21	0	0	0
t002816	0	4	0	-1	0	0
t002817	0	12	0	-4	0	0
t002818	2	3	3	0	0	0
t002819	0	5	0	-1	0	0
t002820	0	6	0	-2	0	0
t002821	-4	7	5	-1	1	-10
t002822	0	10	11	-9	20	-2
t002823	-1	18	2	-1	0	-2
t002824	0	0	0	1	0	-1
t002825	0	7	4	0	-1	1
t002826	0	-1	0	-2	1	1
t002827	1	0	6	-3	4	0
t002828	0	3	5	-1	0	0
t002829	0	1	14	0	6	0
t002830	0	9	2	0	2	-5
t002831	0	17	11	-11	5	-1
t002832	0	2	0	-2	1	0
t002833	0	0	18	0	0	-1
t002834	0	1	0	-1	4	0
t002835	0	6	15	-2	0	0
t002836	0	1	12	-2	0	2
t002837	0	4	4	0	5	0
t002838	0	2	1	0	1	0
t002839	0	10	4	-1	0	0
t002840	0	2	4	0	0	0
t002841	0	11	0	0	0	-4
t002842	1	1	1	-1	0	-4
t002843	0	1	0	0	0	1
t002844	0	16	0	0	1	0
t002845	0	3	0	0	0	0
t002846	0	16	3	0	19	0
t002847	0	4	4	0	2	-1
t002848	0	3	0	0	0	0
t002849	0	0	2	-2	0	0
t002850	-4	1	6	-2	2	0
t002851	0	3	9	-3	14	-1
t002852	0	1	0	0	1	0
t002853	0	8	1	-1	0	0
t002854	0	7	8	-1	0	0
t002855	0	3	0	-2	0	-3
t002856	0	1	3	-1	0	0
t002857	1	4	1	-2	2	0
t002858	0	0	0	0	0	0
t002859	0	8	16	0	1	-2
t002860	-2	3	0	-2	0	0
t002861	0	0	3	-3	0	-4
t002862	0	1	0	0	0	0
t002863	1	3	8	-1	7	0
t002864	0	5	2	0	0	-1
t002865	0	4	1	0	0	-1
t002866	0	2	0	0	0	0
t002867	0	5	6	0	0	0
t002868	0	5	4	-1	0	0
t002869	1	1	6	0	1	-1
t002870	0	7	10	-1	1	0
t002871	0	2	1	-1	0	0
t002872	0	6	0	-2	0	0
t002873	0	0	2	-5	0	0
t002874	25	8	3	2	2	-1
t002875	2	3	10	0	0	0
t002876	0	0	8	-1	0	0
t002877	6	3	14	-1	0	0
t002878	2	2	11	-1	1	-1
t002879	0	6	3	-1	0	0
t002880	0	10	1	0	0	0
t002881	0	11	1	-3	0	1
t002882	1	2	1	-3	1	0
t002883	0	2	0	0	0	-4
t002884	0	1	0	-1	1	0
t002885	0	7	1	0	0	0
t002886	2	14	0	13	1	-1
t002887	-1	6	4	0	0	0
t002888	0	12	1	-1	-1	-7
t002889	0	4	0	-2	0	0
t002890	0	18	7	0	1	0
t002891	0	15	3	1	0	0
t002892	0	1	0	0	0	0
t002893	0	16	2	0	0	0
t002894	3	19	0	-5	0	4
t002895	0	29	4	0	1	1
t002896	0	6	0	-1	0	0
t002897	0	2	5	0	0	0
t002898	0	4	1	-1	0	-5
t002899	0	2	0	0	0	0
t002900	0	1	9	-1	1	-1
t002901	0	4	4	0	10	0
t002902	0	10	0	-1	0	-7
t002903	3	15	5	-1	2	0
t002904	0	6	1	0	1	0
t002905	0	2	0	-3	-1	-4
t002906	0	5	-2	-1	-1	-7
t002907	0	8	0	-6	0	-2
t002908	0	1	0	0	0	0
t002909	0	37	4	-7	0	-31
t002910	0	9	2	-1	2	-2
t002911	0	1	0	0	0	0
t002912	0	6	5	0	0	0
t002913	0	-30	34	-2	1	-4
t002914	0	6	1	-2	0	-1
t002915	0	6	1	0	0	0
t002916	0	3	2	0	0	0
t002917	0	1	1	0	0	0
t002918	-1	0	1	0	0	-1
t002919	1	0	1	0	0	0
t002920	1	3	15	-7	0	0
t002921	0	6	-1	-1	0	0
t002922	0	4	0	-5	0	-3
t002923	1	1	1	1	2	0
t002924	0	3	6	-2	0	0
t002925	0	4	3	0	0	0
t002926	0	4	2	-2	1	0
t002927	2	6	2	-1	0	-1
t002928	10	0	1	-1	1	0
t002929	0	0	0	0	1	-1
t002930	0	5	9	-3	0	-2
t002931	1	13	1	0	5	1
t002932	0	8	3	-1	2	0
t002933	0	19	0	-6	-2	-2
t002934	0	2	1	-1	1	-2
t002935	0	12	5	-1	0	-2
t002936	1	5	0	0	0	1
t002937	1	0	0	0	1	0
t002938	0	5	4	-5	0	0
t002939	1	8	1	-1	0	0
t002940	0	4	0	0	0	0
t002941	0	1	1	-5	0	0
t002942	0	3	1	1	1	-2
t002943	0	14	0	0	0	-1
t002944	0	1	5	-2	0	0
t002945	0	1	7	-4	0	0
t002946	4	8	0	-1	4	0
t002947	0	-2	15	-3	0	-11
t002948	-1	2	6	-1	0	-4
t002949	0	4	3	0	0	-1
t002950	0	6	-1	0	0	0
t002951	4	7	7	-6	2	0
t002952	3	7	10	0	2	-3
t002953	0	0	1	0	0	0
t002954	2	3	0	0	0	-1
t002955	0	7	0	-3	4	0
t002956	9	9	0	-2	0	-94
t002957	-1	6	6	-3	3	-27
t002958	7	3	7	0	0	-3
t002959	0	5	0	-2	0	-1
t002960	0	12	0	0	0	-14
t002961	0	1	6	-2	0	-2
t002962	0	1	0	-2	0	0
t002963	1	9	5	-2	1	0
t002964	0	-2	0	0	0	0
t002965	-1	8	0	-1	-1	0
t002966	0	2	1	0	4	1
t002967	3	15	0	0	2	0
t002968	0	5	5	-1	1	-1
t002969	0	2	0	0	0	0
t002970	0	25	3	-2	2	0
t002971	0	5	5	-3	0	-2
t002972	0	4	7	-3	0	0
t002973	0	9	5	-3	0	1
t002974	0	8	0	0	0	0
t002975	1	0	5	0	-1	0
t002976	0	7	2	-3	1	-2
t002977	0	4	0	-5	0	0
t002978	2	11	14	-4	0	0
t002979	0	9	0	0	0	0
t002980	0	4	5	0	4	0
t002981	0	9	6	-11	0	-1
t002982	0	-7	31	-16	1	-2
t002983	0	5	0	0	0	0
t002984	0	4	8	-1	0	-5
t002985	-1	7	5	0	4	0
t002986	0	0	4	0	1	0
t002987	0	3	7	0	-1	0
t002988	0	13	6	-2	0	0
t002989	0	12	7	-1	0	0
t002990	2	7	4	0	3	0
t002991	0	5	0	0	0	0
t002992	0	-29	2	-5	0	0
t002993	0	0	0	-1	0	0
t002994	0	11	-1	0	0	0
t002995	0	4	2	-1	0	0
t002996	0	4	0	0	0	0
t002997	0	12	4	-1	1	0
t002998	2	1	12	-6	0	-4
t002999	0	1	-1	0	0	-2
t003000	-1	6	0	-8	-4	0
t003001	0	5	0	0	0	-1
t003002	106	4	10	-2	1	0
t003003	0	1	0	0	0	0
t003004	1	6	2	2	2	0
t003005	0	0	29	-2	1	0
t003006	1	2	1	0	0	0
t003007	1	0	7	0	0	0
t003008	0	0	1	-1	0	0
t003009	0	7	0	-2	1	-1
t003010	-1	6	3	-4	0	0
t003011	0	2	0	0	0	0
t003012	0	6	0	1	0	0
t003013	0	0	0	-1	0	0
t003014	0	1	0	0	1	0
t003015	0	0	1	0	0	2
t003016	1	1	3	0	0	-10
t003017	0	3	6	1	1	0
t003018	1	0	7	0	7	0
t003019	0	0	0	0	0	0
t003020	0	0	1	0	0	0
t003021	0	9	1	0	0	0
t003022	0	0	7	-3	0	-6
t003023	0	3	0	0	0	0
t003024	-2	0	3	1	0	2
t003025	0	3	1	0	1	0
t003026	0	3	2	0	0	0
t003027	1	1	12	-4	1	0
t003028	0	2	0	0	0	-3
t003029	0	5	2	-2	2	-1
t003030	0	1	3	0	0	0
t003031	0	1	0	2	0	0
t003032	1	22	6	0	0	-2
t003033	0	4	0	1	0	1
t003034	0	4	1	0	0	0
t003035	5	1	4	-1	0	0
t003036	0	1	0	-2	0	0
t003037	0	2	5	0	0	0
t003038	0	7	0	0	-1	0
t003039	5	1	2	-6	0	0
t003040	0	0	2	0	0	0
t003041	0	3	1	-1	0	0
t003042	2	0	0	0	0	0
t003043	0	2	2	0	5	0
t003044	0	3	1	-1	0	0
t003045	1	1	10	-3	0	0
t003046	-2	3	0	-1	0	-3
t003047	0	2	10	0	0	0
t003048	0	0	6	0	0	0
t003049	1	1	2	-2	0	0
t003050	0	1	2	0	0	0
t003051	4	1	11	0	0	0
t003052	0	1	4	0	0	0
t003053	0	2	3	-22	0	0
t003054	-1	4	0	0	0	0
t003055	0	1	2	-1	0	0
t003056	0	6	2	-2	0	-1
t003057	0	1	0	0	0	0
t003058	0	0	1	0	2	0
t003059	4	1	1	0	0	0
t003060	0	0	0	0	0	0
t003061	0	2	1	-1	1	0
t003062	0	9	0	0	0	0
t003063	0	6	1	0	0	0
t003064	0	2	3	-4	0	-2
t003065	0	2	1	0	1	0
t003066	0	0	0	-2	0	0
t003067	0	0	0	0	0	0
t003068	0	5	1	-1	0	0
t003069	0	0	9	-3	0	0
t003070	0	0	2	0	0	0
t003071	0	0	0	0	0	0
t003072	1	3	13	0	0	0
t003073	0	3	0	0	0	0
t003074	1	5	-4	0	22	0
t003075	1	3	2	-1	1	0
t003076	0	3	9	-4	0	0
t003077	1	1	4	0	0	-4
t003078	0	4	-1	0	0	0
t003079	4	0	3	-4	0	0
t003080	60	2	3	0	1	-4
t003081	0	3	4	-1	0	0
t003082	2	8	1	0	0	0
t003083	-2	0	5	-5	0	0
t003084	1	4	3	0	0	0
t003085	3	1	1	4	2	0
t003086	0	0	2	-2	4	-4
t003087	0	5	0	0	0	0
t003088	0	0	3	0	0	0
t003089	0	0	0	0	0	0
t003090	0	1	4	-6	0	-2
t003091	0	1	4	-5	0	0
t003092	1	3	28	-1	0	0
t003093	-1	3	9	-4	0	0
t003094	0	1	2	-3	0	-1
t003095	-2	5	1	0	4	-1
t003096	1	7	1	0	1	0
t003097	0	8	1	0	-1	1
t003098	0	3	0	0	0	1
t003099	0	2	1	0	0	0
t003100	5	1	0	0	0	0
t003101	64	5	9	-2	1	-1
t003102	9	0	1	-1	0	1
t003103	0	3	4	0	0	0
t003104	0	1	4	-4	0	0
t003105	0	1	3	-1	0	0
t003106	1	1	2	-1	0	0
t003107	0	1	0	0	1	0
t003108	0	0	0	-1	0	0
t003109	2	14	2	0	1	0
t003110	0	3	3	-1	3	0
t003111	0	8	0	-1	0	0
t003112	-1	0	18	-1	1	0
t003113	0	0	0	0	0	2
t003114	1	1	20	-1	1	-2
t003115	0	9	13	-1	1	-1
t003116	2	0	5	-10	-1	0
t003117	0	1	25	-10	-42	-1
t003118	0	11	0	0	0	-3
t003119	0	2	0	0	0	0
t003120	1	0	0	0	0	0
t003121	0	10	0	-4	6	0
t003122	0	1	7	-4	2	-1
t003123	-1	1	3	-1	2	-1
t003124	0	1	7	0	-1	-1
t003125	0	3	0	0	2	0
t003126	1	0	4	0	0	-1
t003127	0	4	9	-1	0	0
t003128	1	5	17	-3	0	0
t003129	0	0	0	0	0	0
t003130	0	1	0	0	0	-4
t003131	0	4	2	0	0	0
t003132	0	7	2	-1	0	0
t003133	13	0	0	0	0	0
t003134	0	3	0	3	0	0
t003135	1	0	5	-8	0	-2
t003136	0	1	2	-5	0	0
t003137	3	0	3	0	0	0
t003138	0	1	1	0	0	-8
t003139	10	2	2	0	0	0
t003140	0	5	2	-1	24	0
t003141	0	2	0	0	0	0
t003142	1	2	0	-3	0	0
t003143	0	1	10	0	1	0
t003144	0	6	21	-21	0	0
t003145	0	4	3	2	0	0
t003146	0	1	0	-6	0	-2
t003147	0	4	0	2	0	0
t003148	0	3	0	0	-1	0
t003149	1	1	8	0	0	0
t003150	2	4	0	0	0	1
t003151	3	5	3	0	0	1
t003152	0	5	2	0	0	0
t003153	1	1	5	0	0	0
t003154	0	15	0	0	0	0
t003155	0	5	2	-5	0	-2
t003156	0	1	6	-3	0	-1
t003157	11	3	0	0	0	0
t003158	1	0	29	-3	0	0
t003159	1	1	3	-1	1	0
t003160	0	0	11	-2	0	0
t003161	0	4	0	-2	0	0
t003162	10	2	1	0	0	0
t003163	0	3	8	0	0	0
t003164	3	21	15	-1	1	0
t003165	0	3	2	0	0	-36
t003166	5	1	11	-2	0	0
t003167	21	1	5	0	0	0
t003168	-1	0	8	-3	0	-22
t003169	0	0	0	0	0	0
t003170	0	1	0	0	0	0
t003171	0	0	3	0	-1	0
t003172	4	0	3	0	0	0
t003173	0	1	4	-5	2	-5
t003174	-1	1	2	0	0	0
t003175	1	1	3	0	0	0
t003176	1	-2	6	-4	-5	0
t003177	0	3	3	0	0	-4
t003178	0	7	7	-2	0	0
t003179	0	1	0	0	0	0
t003180	0	1	1	-1	0	0
t003181	0	4	32	0	0	0
t003182	0	1	3	-2	0	-12
t003183	0	2	0	0	0	-1
t003184	0	1	0	0	0	0
t003185	0	4	11	-3	1	-2
t003186	0	10	2	0	2	0
t003187	1	11	6	-4	0	0
t003188	2	2	4	-1	0	1
t003189	0	69	-22	-4	0	0
t003190	0	3	0	0	0	0
t003191	1	8	3	-1	0	-2
t003192	0	3	0	0	1	-8
t003193	0	10	0	0	0	0
t003194	0	1	1	0	0	0
t003195	0	8	0	0	0	0
t003196	1	2	3	-1	0	0
t003197	0	2	6	-6	1	-1
t003198	0	4	1	0	1	-6
t003199	1	4	3	0	3	6
t003200	0	8	7	0	1	0
t003201	2	1	3	-1	0	0
t003202	0	4	1	-1	0	0
t003203	1	15	5	-1	0	0
t003204	1	8	2	0	1	3
t003205	0	7	0	-1	6	0
t003206	1	3	10	-1	0	1
t003207	1	5	-15	0	22	0
t003208	-1	1	7	0	2	-2
t003209	0	2	0	0	0	0
t003210	0	0	3	-1	0	-1
t003211	0	0	0	0	2	0
t003212	0	5	3	-5	0	-3
t003213	-2	0	1	-3	0	0
t003214	10	3	3	-1	1	0
t003215	0	7	2	0	0	-1
t003216	0	22	0	0	0	0
t003217	145	4	9	-5	1	0
t003218	0	0	27	-2	0	0
t003219	0	8	0	0	1	0
t003220	0	2	4	0	0	0
t003221	0	1	3	0	0	-1
t003222	0	1	0	0	0	0
t003223	0	5	6	-1	1	0
t003224	0	2	4	0	1	-3
t003225	0	3	3	0	0	1
t003226	0	0	3	0	0	-2
t003227	-2	6	4	-10	0	-3
t003228	4	0	26	-3	0	-1
t003229	1	4	2	-1	0	0
t003230	1	2	1	-5	1	0
t003231	-1	4	3	0	1	-2
t003232	0	1	1	0	0	0
t003233	0	2	8	0	0	0
t003234	0	4	12	-2	0	-3
t003235	0	6	9	1	0	-7
t003236	1	7	0	0	0	0
t003237	13	22	1	0	0	0
t003238	1	13	0	-1	0	-1
t003239	8	6	0	0	0	0
t003240	0	1	2	1	0	0
t003241	0	5	0	0	0	0
t003242	0	18	1	0	1	-1
t003243	1	2	9	0	1	-1
t003244	0	3	-1	0	0	-3
t003245	-1	9	3	0	0	0
t003246	0	4	3	-10	0	-1
t003247	0	10	4	0	0	7
t003248	0	1	0	-1	0	0
t003249	0	6	13	0	0	0
t003250	1	2	7	-1	0	0
t003251	0	3	2	-2	0	0
t003252	0	2	11	-2	0	0
t003253	1	7	0	0	2	-14
t003254	0	2	8	0	0	1
t003255	1	2	2	-2	0	1
t003256	3	1	0	0	0	0
t003257	1	3	1	0	0	0
t003258	0	3	0	-1	-1	0
t003259	1	5	1	0	0	0
t003260	0	9	1	-1	0	-1
t003261	3	0	6	-1	2	0
t003262	1	8	0	0	0	-1
t003263	0	2	2	-2	0	0
t003264	0	3	1	-5	2	-1
t003265	-1	0	1	0	0	0
t003266	1	2	5	-2	1	0
t003267	0	5	0	0	0	0
t003268	0	7	0	-2	2	-1
t003269	6	6	3	0	2	-1
t003270	0	2	7	-4	0	0
t003271	0	0	4	0	1	-1
t003272	0	6	5	0	1	0
t003273	3	2	1	0	0	-1
t003274	0	-2	8	-1	0	1
t003275	0	7	0	0	0	0
t003276	0	9	0	-4	0	0
t003277	1	11	3	0	0	-2
t003278	0	-54	24	-2	1	0
t003279	0	1	6	-2	0	0
t003280	5	1	0	-2	1	0
t003281	1	1	4	-4	0	0
t003282	16	4	1	-1	0	-1
t003283	0	5	2	-1	0	0
t003284	70	6	23	0	0	-1
t003285	2	1	8	-3	0	-3
t003286	1	4	0	-3	0	0
t003287	2	0	34	-3	0	0
t003288	-3	3	3	0	1	-4
t003289	0	1	0	0	0	0
t003290	0	6	0	0	0	0
t003291	0	0	0	0	0	-1
t003292	0	2	1	-2	0	0
t003293	0	1	5	0	0	3
t003294	-2	4	2	-2	1	-2
t003295	0	1	0	0	0	2
t003296	0	8	1	0	0	0
t003297	0	2	11	-9	0	-1
t003298	2	7	2	-1	1	1
t003299	0	4	1	0	0	0
t003300	1	1	24	0	-2	-1
t003301	0	4	2	0	0	-1
t003302	1	1	2	0	1	-1
t003303	0	11	3	-1	0	-2
t003304	0	11	0	-4	0	1
t003305	1	2	1	0	0	0
t003306	0	1	4	-1	0	0
t003307	0	0	4	-8	0	0
t003308	1	4	0	-1	1	0
t003309	0	0	0	0	0	-6
t003310	0	1	1	0	0	0
t003311	0	0	0	0	0	2
t003312	82	5	16	-2	0	-4
t003313	0	2	2	-3	11	-1
t003314	4	5	7	0	0	-1
t003315	1	0	28	-2	7	0
t003316	0	4	5	0	1	0
t003317	0	2	5	0	2	2
t003318	13	1	1	0	0	0
t003319	0	1	0	0	0	0
t003320	-1	13	2	0	1	-1
t003321	0	0	2	0	1	0
t003322	0	2	2	0	-1	0
t003323	0	2	3	-2	0	0
t003324	0	0	0	-1	0	0
t003325	1	3	5	0	0	0
t003326	0	2	1	-1	0	-1
t003327	0	6	3	0	3	0
t003328	1	2	2	-2	0	-6
t003329	0	2	0	0	0	0
t003330	0	4	-2	-1	0	-1
t003331	0	2	3	-1	0	-1
t003332	0	2	0	0	0	0
t003333	11	6	57	-8	0	0
t003334	0	0	0	-1	0	0
t003335	0	1	0	0	0	0
t003336	0	3	3	0	0	-1
t003337	-1	2	0	0	0	0
t003338	0	2	0	0	0	0
t003339	1	0	1	0	1	0
t003340	0	2	1	0	1	-10
t003341	0	0	4	-4	0	-6
t003342	0	9	1	-1	1	0
t003343	0	4	1	0	0	0
t003344	1	1	1	0	0	-1
t003345	3	3	5	-5	14	0
t003346	2	6	3	0	0	0
t003347	22	3	12	-8	0	0
t003348	1	0	20	-4	1	0
t003349	1	2	0	0	0	0
t003350	0	3	1	-1	2	0
t003351	0	2	7	-1	2	0
t003352	2	4	0	-1	0	1
t003353	1	2	1	0	0	0
t003354	41	3	4	-1	0	-7
t003355	1	5	4	0	1	0
t003356	1	0	11	0	0	0
t003357	0	9	1	0	0	-14
t003358	1	0	8	0	0	-1
t003359	0	4	0	0	0	0
t003360	0	2	2	0	0	0
t003361	0	7	13	-3	0	0
t003362	0	2	4	0	0	0
t003363	1	0	0	-2	0	0
t003364	0	10	1	0	1	0
t003365	0	3	0	0	0	0
t003366	-1	1	2	-3	0	0
t003367	-1	5	1	-2	1	-1
t003368	1	6	1	-1	1	0
t003369	0	8	0	-1	2	-9
t003370	-1	3	4	-4	0	0
t003371	0	8	9	0	0	-2
t003372	-1	8	2	0	0	1
t003373	1	2	2	-1	0	-2
t003374	0	3	2	-5	0	-12
t003375	2	11	1	0	0	0
t003376	0	0	1	0	0	0
t003377	0	0	1	0	0	0
t003378	0	3	5	-1	0	0
t003379	1	4	4	0	0	0
t003380	9	5	0	-2	0	0
t003381	0	3	2	0	0	0
t003382	0	5	0	0	1	0
t003383	2	1	4	-1	1	0
t003384	0	5	0	0	0	0
t003385	1	7	0	0	1	0
t003386	1	7	0	-2	0	1
t003387	2	1	15	-3	0	0
t003388	0	7	2	2	0	-3
t003389	0	4	0	0	0	0
t003390	130	6	8	-2	0	0
t003391	1	1	0	0	0	0
t003392	0	7	1	0	0	0
t003393	-4	3	7	-2	0	-1
t003394	2	5	2	-1	1	-1
t003395	0	1	0	0	0	0
t003396	0	2	0	0	0	-1
t003397	0	1	1	0	1	0
t003398	0	5	3	0	0	0
t003399	6	1	15	-1	0	-2
t003400	0	2	3	-1	0	-1
t003401	0	1	0	0	1	0
t003402	0	0	16	-2	1	0
t003403	0	17	1	0	0	0
t003404	0	4	0	0	0	0
t003405	0	0	7	-1	0	-1
t003406	0	5	18	-2	-3	0
t003407	0	0	2	-1	0	0
t003408	0	0	0	0	0	0
t003409	5	2	5	-2	0	-2
t003410	3	3	2	-1	1	0
t003411	1	0	7	-1	0	0
t003412	0	0	4	0	0	0
t003413	1	0	15	-1	2	0
t003414	4	0	18	-1	1	0
t003415	0	1	0	0	0	0
t003416	2	3	6	0	0	-1
t003417	0	0	0	0	0	0
t003418	0	2	4	-1	0	0
t003419	0	0	0	-1	0	-1
t003420	0	5	0	0	-3	0
t003421	0	2	0	0	0	0
t003422	5	2	1	-7	0	0
t003423	1	7	3	-4	0	0
t003424	0	7	1	-8	0	-1
t003425	0	2	-1	0	0	-2
t003426	1	0	3	-2	1	0
t003427	0	4	5	-2	1	0
t003428	0	3	6	-1	0	0
t003429	-1	7	16	-3	0	-2
t003430	0	5	1	-8	0	-2
t003431	0	-4	5	-1	0	0
t003432	2	2	2	-5	1	0
t003433	0	7	0	0	0	0
t003434	1	0	7	0	0	0
t003435	0	0	0	0	0	0
t003436	0	1	0	0	0	0
t003437	6	1	1	0	0	0
t003438	0	0	0	-1	0	0
t003439	0	2	1	0	0	-1
t003440	1	1	31	-6	0	0
t003441	0	1	0	0	0	0
t003442	0	1	3	-1	1	0
t003443	0	3	0	0	1	-2
t003444	1	1	1	0	0	0
t003445	-5	5	4	-3	0	-2
t003446	0	14	6	0	0	1
t003447	0	6	0	0	1	0
t003448	-1	1	10	-6	0	0
t003449	0	3	5	-2	2	0
t003450	1	6	1	-1	0	0
t003451	0	0	11	-3	0	0
t003452	2	2	9	0	0	1
t003453	0	1	7	-4	0	0
t003454	0	0	1	0	0	0
t003455	0	3	8	-5	0	-4
t003456	2	2	8	-5	0	0
t003457	0	1	4	0	0	0
t003458	4	0	6	-1	0	0
t003459	0	1	2	-6	0	-4
t003460	3	0	2	-2	1	-4
t003461	0	1	2	0	0	2
t003462	0	4	2	0	1	0
t003463	0	1	7	-2	0	-1
t003464	0	6	1	0	2	0
t003465	-2	12	1	-1	0	0
t003466	1	32	-2	0	0	-1
t003467	3	1	2	0	0	1
t003468	0	2	0	9	0	-1
t003469	2	7	9	-2	1	1
t003470	4	4	3	0	0	1
t003471	0	2	10	-1	3	-3
t003472	0	0	0	0	0	0
t003473	0	1	4	-13	2	8
t003474	-1	12	0	0	0	-1
t003475	1	3	1	-4	0	0
t003476	4	1	1	-1	0	-1
t003477	0	2	0	0	0	0
t003478	1	0	8	-8	0	0
t003479	0	0	11	0	1	0
t003480	3	0	3	-9	4	-5
t003481	0	2	0	-4	1	0
t003482	-1	2	0	-3	0	-1
t003483	0	0	0	0	0	-1
t003484	1	1	3	-1	0	0
t003485	0	9	3	0	1	0
t003486	0	1	3	-2	0	1
t003487	0	0	17	-2	4	0
t003488	1	1	6	0	0	0
t003489	0	3	0	0	0	0
t003490	0	1	5	-1	0	-1
t003491	0	1	-12	-2	0	0
t003492	0	1	4	0	0	0
t003493	0	8	0	0	0	-1
t003494	11	3	6	-2	0	0
t003495	0	1	6	-1	1	-5
t003496	0	3	2	-4	0	-5
t003497	0	0	0	-1	0	0
t003498	0	2	4	0	0	0
t003499	0	10	1	-1	0	-3
t003500	0	7	0	0	0	2
t003501	0	9	0	0	0	1
t003502	1	15	2	0	0	-1
t003503	0	5	0	-1	0	0
t003504	0	0	0	-17	0	-4
t003505	4	4	0	-1	0	0
t003506	2	2	7	-24	0	0
t003507	0	1	0	0	0	0
t003508	0	4	9	-4	1	0
t003509	0	0	8	-3	0	0
t003510	6	7	3	-11	2	-3
t003511	1	1	1	0	0	0
t003512	2	0	16	0	0	0
t003513	0	2	1	0	0	0
t003514	0	2	2	0	0	-1
t003515	0	1	0	0	1	0
t003516	0	5	5	0	-2	0
t003517	0	1	1	0	1	0
t003518	0	6	0	0	2	3
t003519	0	17	4	1	3	-1
t003520	0	5	0	0	0	0
t003521	4	0	29	-4	5	-1
t003522	0	10	0	0	5	0
t003523	0	7	0	0	0	0
t003524	0	0	0	0	0	0
t003525	0	0	5	0	0	0
t003526	12	2	65	-4	0	-1
t003527	0	9	2	0	0	-2
t003528	0	6	3	0	0	0
t003529	0	1	0	0	0	0
t003530	2	0	6	-2	0	0
t003531	0	6	2	0	1	0
t003532	0	6	0	0	0	0
t003533	1	1	0	-3	0	2
t003534	0	1	0	0	0	0
t003535	4	3	4	0	2	0
t003536	0	9	0	0	1	0
t003537	1	3	3	-2	0	0
t003538	0	3	1	0	0	-1
t003539	1	0	0	0	0	0
t003540	0	1	15	-2	0	0
t003541	0	7	15	0	0	0
t003542	1	3	1	0	1	0
t003543	0	1	0	0	1	0
t003544	0	0	3	-3	-1	-1
t003545	0	4	1	0	0	0
t003546	0	0	0	-1	0	-1
t003547	2	53	0	0	4	0
t003548	0	2	18	-6	0	0
t003549	0	2	3	0	0	0
t003550	0	0	10	-11	0	0
t003551	0	2	1	-1	1	0
t003552	0	5	0	0	0	0
t003553	0	0	6	-1	9	0
t003554	2	4	8	-3	1	0
t003555	0	3	2	1	0	0
t003556	1	31	1	0	0	0
t003557	1	6	2	-2	1	-1
t003558	2	1	0	0	0	0
t003559	1	6	0	-1	0	0
t003560	0	-1	13	-6	1	1
t003561	0	2	0	0	1	0
t003562	0	20	0	0	0	0
t003563	0	0	10	-1	0	0
t003564	0	2	0	0	0	0
t003565	0	0	1	-1	1	0
t003566	1	1	0	0	0	0
t003567	0	2	0	2	2	0
t003568	0	3	0	0	0	-1
t003569	0	7	9	-1	1	-1
t003570	0	1	0	-3	0	0
t003571	0	1	20	0	0	0
t003572	0	1	1	-1	0	0
t003573	1	2	5	-3	0	0
t003574	5	4	2	0	3	0
t003575	0	7	0	1	6	0
t003576	0	2	4	-7	0	-3
t003577	0	1	33	-5	0	0
t003578	0	4	0	-1	0	0
t003579	0	3	7	0	0	-6
t003580	0	1	4	-7	0	-1
t003581	0	2	11	0	0	-2
t003582	0	5	1	0	1	0
t003583	0	0	1	0	0	0
t003584	0	6	5	0	0	-1
t003585	0	-21	5	-2	0	-6
t003586	1	3	2	0	0	0
t003587	-1	2	2	1	1	0
t003588	1	0	8	-2	0	-1
t003589	0	3	1	-3	0	0
t003590	0	2	0	0	0	0
t003591	1	1	2	0	0	0
t003592	5	1	11	-10	0	1
t003593	0	1	0	-1	0	0
t003594	0	3	2	-1	0	0
t003595	0	3	6	-1	0	1
t003596	0	3	0	0	0	-1
t003597	2	0	17	0	0	0
t003598	0	2	11	-3	0	-1
t003599	0	3	3	0	0	0
t003600	0	7	0	0	1	0
t003601	0	7	0	0	0	0
t003602	0	5	2	-1	1	0
t003603	31	2	6	0	1	0
t003604	0	1	3	0	1	0
t003605	0	0	1	0	2	0
t003606	8	1	1	-3	1	0
t003607	0	2	4	-1	-3	-4
t003608	0	0	4	-18	0	0
t003609	1	39	0	0	0	0
t003610	2	8	3	0	2	0
t003611	0	4	3	0	0	1
t003612	0	1	1	7	0	0
t003613	0	1	1	-2	0	-1
t003614	0	1	24	-1	0	-5
t003615	0	7	0	0	0	0
t003616	0	5	1	0	0	0
t003617	0	3	2	0	7	5
t003618	0	2	3	16	0	-5
t003619	1	3	9	0	0	0
t003620	3	1	22	-15	1	-3
t003621	3	3	1	-1	1	0
t003622	0	4	0	0	0	0
t003623	0	2	10	-13	0	-33
t003624	1	0	0	0	0	0
t003625	0	0	20	-3	0	1
t003626	0	1	21	-1	0	2
t003627	-5	4	33	-2	2	0
t003628	0	19	-1	0	2	0
t003629	0	3	1	2	0	0
t003630	2	1	1	0	0	0
t003631	0	0	4	-1	0	0
t003632	6	1	11	-2	1	0
t003633	0	3	0	-3	0	0
t003634	0	7	0	0	0	2
t003635	0	1	0	0	1	0
t003636	1	1	4	-3	0	0
t003637	1	1	5	-2	0	0
t003638	1	5	0	0	0	1
t003639	0	1	2	0	0	0
t003640	0	1	1	0	0	0
t003641	0	4	2	0	0	0
t003642	0	3	2	1	0	5
t003643	1	3	1	0	0	0
t003644	0	5	0	0	0	0
t003645	0	0	1	0	0	0
t003646	0	3	1	0	0	0
t003647	0	8	0	0	0	0
t003648	4	1	0	0	1	2
t003649	0	24	4	-2	0	0
t003650	0	2	-1	-1	0	0
t003651	7	8	1	0	0	-3
t003652	1	1	1	1	0	0
t003653	0	0	2	-4	0	0
t003654	0	5	5	0	2	0
t003655	0	3	1	-2	28	0
t003656	1	4	5	-1	3	1
t003657	0	3	2	0	0	0
t003658	0	2	8	-1	1	-4
t003659	0	1	1	0	0	0
t003660	0	7	2	0	0	0
t003661	0	1	0	0	0	0
t003662	0	2	1	0	0	0
t003663	0	2	1	0	2	0
t003664	1	3	0	-1	0	0
t003665	5	2	5	-6	0	0
t003666	0	1	0	0	0	0
t003667	-2	7	6	-2	0	0
t003668	2	1	1	0	0	0
t003669	0	2	0	0	0	0
t003670	0	1	1	-3	-20	0
t003671	0	11	0	-1	0	0
t003672	0	2	1	0	0	0
t003673	-3	1	28	0	0	-6
t003674	0	21	1	1	0	1
t003675	0	2	2	4	1	-1
t003676	6	3	1	-3	1	-1
t003677	0	1	0	0	0	-3
t003678	0	0	5	-2	0	-1
t003679	-1	3	17	0	0	2
t003680	5	2	0	0	-1	0
t003681	-36	0	21	-1	0	0
t003682	0	13	0	0	0	0
t003683	0	6	0	0	0	0
t003684	7	2	0	0	0	0
t003685	1	3	2	-1	0	0
t003686	0	-7	16	-13	-1	-1
t003687	1	7	2	-4	1	0
t003688	0	5	0	0	0	1
t003689	0	4	0	0	1	0
t003690	0	2	8	-2	0	0
t003691	1	0	8	-4	0	0
t003692	2	1	0	4	1	2
t003693	0	2	0	0	0	0
t003694	2	7	11	-4	0	0
t003695	-2	0	8	0	1	0
t003696	0	4	1	-2	1	-9
t003697	0	2	1	-1	0	0
t003698	0	8	3	0	0	0
t003699	0	2	0	0	3	0
t003700	0	0	4	-3	0	0
t003701	1	2	0	0	0	0
t003702	3	4	1	-2	2	0
t003703	5	1	7	-6	0	0
t003704	0	2	0	0	0	0
t003705	0	10	5	-1	0	1
t003706	0	1	54	-6	0	0
t003707	0	3	1	0	0	0
t003708	5	12	0	0	0	0
t003709	0	0	2	-5	0	-19
t003710	2	1	14	-9	0	-1
t003711	1	2	-1	0	1	0
t003712	1	2	16	-3	0	1
t003713	1	11	1	0	0	1
t003714	0	1	11	-1	0	0
t003715	0	36	0	0	0	0
t003716	0	1	1	1	0	0
t003717	0	3	4	-1	0	0
t003718	0	3	0	-1	0	1
t003719	0	2	0	0	0	0
t003720	0	24	0	0	1	0
t003721	-1	12	0	-2	0	0
t003722	0	1	2	0	0	1
t003723	0	9	0	0	2	-1
t003724	0	4	4	0	0	0
t003725	0	16	0	1	0	0
t003726	0	0	1	-3	0	0
t003727	0	9	0	-2	0	1
t003728	0	-3	2	0	0	0
t003729	0	1	3	-1	0	0
t003730	8	6	3	0	0	1
t003731	1	0	5	-8	0	2
t003732	1	8	3	0	0	-5
t003733	4	8	1	-1	1	0
t003734	1	7	1	0	0	0
t003735	1	1	10	0	0	0
t003736	3	4	0	0	1	1
t003737	0	8	0	0	0	1
t003738	1	0	1	0	0	0
t003739	0	4	0	-1	0	0
t003740	1	1	3	-3	0	0
t003741	1	1	3	0	0	0
t003742	13	0	6	0	0	0
t003743	1	5	2	0	0	0
t003744	1	6	0	0	0	0
t003745	3	3	3	-4	0	0
t003746	1	7	2	0	0	-1
t003747	0	1	4	0	0	0
t003748	1	3	1	-1	0	0
t003749	0	1	1	0	0	0
t003750	0	2	1	0	0	0
t003751	0	0	11	-4	0	0
t003752	1	3	4	-1	0	0
t003753	1	1	3	-1	0	0
t003754	0	4	1	-2	0	0
t003755	0	4	3	5	1	0
t003756	2	3	1	-3	0	0
t003757	-1	1	3	-4	0	-32
t003758	3	3	4	0	16	0
t003759	2	0	3	0	0	0
t003760	1	0	4	-2	0	0
t003761	0	12	0	0	0	0
t003762	0	6	13	-13	0	-36
t003763	-1	4	2	-16	0	-33
t003764	6	2	1	0	0	0
t003765	3	0	6	-1	0	0
t003766	4	2	1	0	0	-1
t003767	0	3	19	-2	0	-1
t003768	0	1	1	0	0	0
t003769	2	0	13	-4	0	-1
t003770	0	1	0	0	0	-2
t003771	0	2	0	-1	0	0
t003772	0	4	0	0	0	0
t003773	1	4	0	0	0	0
t003774	0	3	1	-1	0	0
t003775	1	2	2	0	0	0
t003776	0	0	7	-2	0	0
t003777	0	2	10	-2	0	-1
t003778	0	3	2	0	0	0
t003779	0	0	7	-7	0	0
t003780	0	0	26	-1	3	0
t003781	-1	1	1	1	1	0
t003782	0	1	8	1	0	0
t003783	1	8	0	0	0	0
t003784	0	4	4	-3	0	-10
t003785	93	1	23	0	0	0
t003786	0	6	4	-1	0	0
t003787	0	2	2	0	0	0
t003788	1	5	1	1	2	-1
t003789	3	3	0	0	0	0
t003790	0	28	5	-1	0	0
t003791	0	5	1	0	0	0
t003792	0	0	6	-1	0	0
t003793	64	9	15	-4	1	-2
t003794	0	3	14	-1	1	0
t003795	0	5	0	0	0	0
t003796	1	7	14	-2	0	0
t003797	2	2	1	0	0	-1
t003798	0	3	4	0	0	0
t003799	3	2	11	0	0	0
t003800	0	1	5	0	0	0
t003801	0	0	24	0	0	1
t003802	0	0	0	0	1	1
t003803	0	1	3	0	0	0
t003804	0	3	17	0	0	0
t003805	1	1	1	-1	0	-1
t003806	1	1	2	-10	0	0
t003807	0	1	1	0	0	0
t003808	0	2	0	-2	1	0
t003809	1	0	2	-6	1	0
t003810	1	7	4	0	0	-1
t003811	-2	0	15	-3	0	-2
t003812	1	0	1	-1	0	0
t003813	7	2	5	0	0	0
t003814	3	1	8	-3	0	0
t003815	0	3	0	0	0	0
t003816	2	6	2	0	0	0
t003818	2	0	1	0	0	0
t003819	2	0	16	-2	1	0
t003820	0	1	2	-2	0	0
t003821	8	0	1	-1	0	0
t003822	0	7	1	0	0	2
t003823	0	1	1	0	0	0
t003824	0	8	0	0	0	0
t003825	3	5	0	0	0	0
t003826	1	0	6	0	2	4
t003827	0	1	17	-11	0	0
t003828	1	11	1	0	0	0
t003829	0	3	9	0	0	-5
t003830	1	8	0	-1	0	0
t003831	2	2	0	0	1	0
t003832	0	12	0	0	0	0
t003833	2	3	17	-3	0	0
t003834	1	0	25	-1	0	-2
t003835	1	12	2	0	1	-2
t003836	0	6	0	0	0	0
t003837	0	5	2	0	0	0
t003838	2	0	3	0	0	0
t003839	0	3	1	0	0	0
t003840	3	6	8	0	0	1
t003841	2	1	8	0	0	0
t003842	2	0	0	-2	1	1
t003843	3	4	11	-4	0	0
t003844	0	0	2	0	0	0
t003845	0	2	13	-2	0	-1
t003846	2	14	12	-3	0	0
t003847	0	3	0	0	0	-1
t003848	0	0	0	0	0	0
t003849	3	1	15	-8	1	0
t003850	0	3	5	0	16	0
t003851	3	12	0	0	1	0
t003852	0	10	0	0	0	0
t003853	0	4	1	1	0	0
t003854	0	4	2	-1	0	0
t003855	1	1	8	0	0	0
t003856	0	9	1	-5	0	0
t003857	0	2	1	-10	0	-1
t003858	0	0	7	0	2	0
t003859	0	3	0	0	0	1
t003860	1	7	0	0	0	0
t003861	0	0	4	0	8	0
t003862	0	2	1	-4	2	0
t003863	2	0	15	-7	0	0
t003864	0	11	0	0	0	0
t003865	0	5	-2	0	0	0
t003866	1	7	1	-3	0	-1
t003867	0	1	0	0	0	0
t003868	4	3	15	-2	0	-1
t003869	1	3	1	-3	1	0
t003870	1	2	11	-7	0	0
t003871	0	1	1	0	1	-2
t003872	0	2	0	-1	0	0
t003873	1	3	1	0	0	0
t003874	7	2	5	-2	0	0
t003875	0	2	1	0	0	0
t003876	0	0	1	0	2	0
t003877	2	6	7	-1	0	-3
t003878	0	4	6	0	0	0
t003879	-1	0	5	-2	0	0
t003880	0	5	7	0	0	0
t003881	0	3	4	0	0	0
t003882	0	0	18	-9	0	-1
t003883	1	1	3	0	0	0
t003884	0	2	5	-1	0	-4
t003885	3	1	3	0	0	0
t003886	0	2	0	0	0	0
t003887	0	1	2	0	0	-1
t003888	0	1	1	0	0	1
t003889	0	3	0	0	0	0
t003890	0	2	1	0	0	-2
t003891	0	1	4	-1	1	0
t003892	-1	2	24	-2	1	0
t003893	1	4	0	0	0	0
t003894	0	2	0	0	0	0
t003896	0	0	36	-2	0	0
t003897	2	0	0	0	0	0
t003898	3	0	5	-2	0	0
t003899	0	1	22	-2	0	0
t003900	1	7	3	-1	0	-3
t003901	0	3	2	-1	0	-3
t003902	3	1	4	-9	0	1
t003903	3	0	8	-2	0	0
t003904	0	0	0	0	1	0
t003905	0	14	0	0	0	0
t003906	0	0	1	0	0	0
t003907	0	3	0	0	0	0
t003908	0	0	0	0	1	0
t003909	4	0	20	-3	0	0
t003910	2	0	5	3	0	-1
t003911	0	0	1	0	0	0
t003912	0	8	1	0	1	0
t003913	1	0	8	-2	1	0
t003914	0	4	0	0	3	0
t003915	0	7	0	0	0	0
t003916	1	0	4	-3	0	-1
t003917	-2	4	3	0	0	0
t003918	1	0	0	0	0	0
t003919	0	2	4	-2	0	-1
t003920	0	2	4	0	0	-6
t003921	0	7	0	0	0	1
t003922	0	0	5	-1	0	0
t003923	0	2	0	0	0	0
t003924	0	2	0	0	0	0
t003925	0	10	2	-1	0	0
t003926	1	11	3	0	0	0
t003927	1	5	1	0	0	-2
t003928	2	3	3	-2	0	0
t003929	1	0	0	0	0	0
t003930	2	10	5	1	0	0
t003931	0	0	0	0	1	0
t003932	0	-2	5	-3	1	-1
t003933	1	10	0	0	0	0
t003934	0	3	1	0	0	2
t003935	0	-1	6	-9	0	0
t003936	2	0	26	-7	0	0
t003937	0	14	1	3	1	0
t003938	0	9	3	-1	0	0
t003939	0	7	0	0	0	-1
t003940	0	1	8	-3	0	-3
t003941	1	1	3	-1	0	0
t003942	0	4	0	-1	2	-1
t003943	1	3	0	0	1	0
t003944	2	0	2	0	0	0
t003945	0	1	1	-2	0	0
t003946	0	2	0	0	0	0
t003947	0	1	1	-1	0	-1
t003948	2	2	2	-1	0	0
t003949	0	2	14	0	0	0
t003950	0	2	1	0	0	-16
t003951	0	0	5	-4	0	-4
t003952	0	-13	6	1	3	-1
t003953	0	2	0	0	0	2
t003954	0	0	10	-4	2	0
t003955	0	0	11	-1	1	0
t003956	3	5	5	-1	0	0
t003957	0	0	5	-2	0	0
t003958	0	2	0	0	0	0
t003959	0	3	1	0	0	0
t003960	2	0	11	-4	0	0
t003961	0	17	2	0	0	26
t003962	0	0	1	-4	0	0
t003963	0	3	0	0	0	0
t003964	0	4	0	-1	0	0
t003965	0	5	1	0	1	0
t003966	0	0	0	0	0	-6
t003967	0	19	5	-1	0	1
t003968	1	5	2	-1	2	0
t003969	0	2	0	2	0	0
t003970	0	1	0	0	0	0
t003971	0	3	0	0	1	0
t003972	-2	2	7	-3	0	0
t003973	0	4	7	-5	0	1
t003974	0	3	1	0	0	1
t003975	1	4	3	-2	0	1
t003976	0	0	12	-2	0	-3
t003977	0	0	0	0	0	0
t003978	0	4	2	2	1	0
t003979	0	2	2	-1	1	0
t003980	0	2	0	0	0	0
t003981	0	2	0	0	0	0
t003982	0	5	0	0	0	0
t003983	0	7	2	0	0	-1
t003984	0	4	2	0	0	1
t003985	0	3	0	3	0	0
t003986	0	0	0	0	1	0
t003987	0	15	0	0	0	-1
t003988	-1	6	0	0	0	0
t003989	3	0	5	0	0	1
t003990	0	6	0	0	0	0
t003991	0	2	0	0	0	0
t003992	0	0	0	0	0	0
t003993	0	5	0	0	0	0
t003994	0	3	2	0	0	-2
t003995	0	2	0	0	0	0
t003996	0	2	0	0	0	1
t003997	0	1	7	1	0	1
t003998	0	4	4	0	0	-1
t003999	3	4	11	-1	2	0
t004000	0	2	3	0	0	0
t004001	0	1	8	-1	0	0
t004002	2	1	2	1	0	0
t004003	0	6	2	0	0	0
t004004	0	6	0	-1	0	0
t004005	0	8	0	-1	2	0
t004006	1	8	4	0	2	2
t004007	0	0	2	-1	0	0
t004008	0	8	4	-2	0	0
t004009	0	1	0	0	0	0
t004010	0	15	6	-4	16	0
t004011	0	3	0	0	2	0
t004012	0	0	0	0	0	0
t004013	0	1	4	-1	0	-1
t004014	0	1	0	-1	0	0
t004015	0	6	9	-2	1	0
t004016	3	9	1	0	0	-1
t004017	0	0	9	0	1	0
t004018	0	1	0	0	0	0
t004019	3	19	6	-11	1	-8
t004020	3	3	8	-2	0	0
t004021	3	4	0	0	4	0
t004022	1	5	9	-2	0	0
t004023	0	0	45	-1	0	0
t004024	0	3	1	-2	2	-3
t004025	1	11	0	-2	3	-1
t004026	1	2	3	0	0	2
t004027	0	10	0	-6	0	-1
t004028	0	1	7	0	0	0
t004029	0	1	1	0	0	-1
t004030	1	12	0	0	0	0
t004031	-2	12	3	-3	-11	0
t004032	3	11	1	0	1	0
t004033	5	3	2	0	0	-1
t004034	7	4	0	0	0	0
t004035	0	0	2	0	0	0
t004036	4	36	5	0	0	0
t004037	0	6	0	-1	2	0
t004038	0	9	0	0	2	8
t004039	0	0	13	-4	0	-7
t004040	0	18	0	0	0	0
t004041	1	2	1	0	0	0
t004042	0	2	-1	-2	0	-3
t004043	1	0	0	0	0	0
t004044	0	7	1	1	0	0
t004045	1	3	11	-6	0	0
t004046	18	1	36	-14	4	-6
t004047	4	6	2	0	4	0
t004048	0	5	0	-1	0	0
t004049	0	0	0	0	0	0
t004050	-1	1	11	-22	-8	-7
t004051	0	0	10	0	0	0
t004052	-1	2	1	0	0	0
t004053	0	1	0	2	0	0
t004054	0	0	8	-2	0	-4
t004055	-1	2	7	-20	0	0
t004056	2	10	0	0	0	5
t004057	2	3	1	0	0	0
t004058	1	9	1	0	0	1
t004059	0	1	10	-1	0	1
t004060	0	5	1	0	0	0
t004061	0	3	0	0	0	0
t004062	2	33	1	0	0	-1
t004063	0	22	2	-1	1	-2
t004064	1	11	0	-1	0	0
t004065	1	4	40	-2	0	1
t004066	0	0	0	0	1	0
t004067	0	2	5	-7	1	0
t004068	1	1	1	-1	0	4
t004069	12	7	16	0	2	-3
t004070	0	1	0	4	0	0
t004071	0	3	0	-1	1	3
t004072	0	1	0	0	0	0
t004073	0	7	-1	0	1	1
t004074	0	1	1	0	0	0
t004075	0	10	3	0	0	0
t004076	1	0	9	0	3	1
t004077	0	0	0	0	0	0
t004078	2	3	10	-3	4	-18
t004079	0	0	1	-4	0	0
t004080	0	1	0	-1	0	0
t004081	1	1	3	-1	2	0
t004082	0	17	0	0	0	0
t004083	3	4	4	-4	2	0
t004084	1	3	-1	0	0	5
t004085	0	3	0	0	0	0
t004086	2	1	2	-1	2	-1
t004087	5	0	0	0	0	0
t004088	0	2	1	0	0	0
t004089	0	0	1	-3	0	-1
t004090	0	2	0	0	0	0
t004091	0	1	7	0	0	0
t004092	0	0	0	0	0	1
t004093	0	1	0	0	0	0
t004094	7	3	0	0	1	1
t004095	1	0	8	-5	1	0
t004096	0	4	1	-3	2	0
t004097	0	3	2	0	0	-1
t004098	0	3	9	0	0	0
t004099	0	0	0	0	0	0
t004100	0	2	4	-1	0	1
t004101	0	1	19	-10	0	0
t004102	0	1	1	0	0	0
t004103	0	4	0	-1	2	-2
t004104	0	2	0	0	2	1
t004105	0	3	1	0	0	1
t004106	0	2	1	0	0	0
t004107	0	0	5	-1	0	0
t004108	0	2	0	-9	0	-1
t004109	0	3	2	0	0	0
t004110	2	16	9	-3	0	3
t004111	0	0	0	-2	0	0
t004112	0	3	1	3	1	0
t004113	0	1	0	0	1	0
t004114	0	3	0	0	0	0
t004115	3	2	0	0	0	1
t004116	0	7	0	0	0	0
t004117	0	0	0	0	0	0
t004118	1	3	4	0	0	0
t004119	0	0	4	0	0	0
t004120	0	3	1	-1	0	-45
t004121	0	5	2	0	0	0
t004122	0	2	0	0	0	0
t004123	0	1	1	0	0	2
t004124	3	4	3	-1	5	0
t004125	0	0	2	0	1	0
t004126	0	3	0	0	1	0
t004127	0	1	0	0	0	0
t004128	0	0	6	0	8	0
t004129	0	2	1	0	0	0
t004130	1	0	2	0	1	0
t004131	0	7	1	0	0	1
t004132	1	2	4	-4	3	1
t004133	0	2	3	0	0	0
t004134	0	0	0	0	1	-1
t004135	9	0	16	-2	1	0
t004136	0	0	0	0	0	0
t004137	1	6	2	0	0	1
t004138	0	1	0	-2	0	0
t004139	0	0	0	0	0	0
t004140	2	0	7	0	0	0
t004141	0	18	0	0	0	-1
t004142	0	0	10	0	0	1
t004143	0	5	-1	0	0	0
t004144	-1	3	0	0	0	0
t004145	0	1	8	-4	0	0
t004146	0	1	0	-5	0	1
t004147	0	3	0	-1	0	0
t004148	0	1	5	-2	1	-1
t004149	4	4	2	0	1	0
t004150	3	0	0	0	1	0
t004151	7	4	24	-4	0	-1
t004152	1	5	4	-1	0	0
t004153	0	7	10	-3	1	0
t004154	0	4	1	0	0	0
t004155	0	1	7	0	0	0
t004156	2	6	9	-4	0	-1
t004157	4	0	2	-1	1	0
t004158	0	6	5	-1	15	1
t004159	0	0	3	0	0	0
t004160	0	0	0	0	0	0
t004161	0	1	6	0	0	0
t004162	0	2	5	-6	0	1
t004163	0	3	1	0	0	0
t004164	4	12	13	0	1	0
t004165	0	8	5	0	0	0
t004166	0	1	4	-1	0	1
t004167	0	6	3	-3	1	0
t004168	1	0	3	-2	0	0
t004169	0	0	2	0	1	0
t004170	2	2	6	-1	0	0
t004171	0	1	12	-11	1	0
t004172	2	2	7	-2	0	0
t004173	1	1	5	-5	0	0
t004174	1	0	11	-1	2	0
t004175	1	6	12	-3	0	0
t004176	1	2	9	-3	0	-1
t004177	1	3	10	-3	0	0
t004178	1	0	8	-5	0	0
t004179	0	7	0	0	1	0
t004180	-2	3	1	0	0	0
t004181	0	1	0	-2	0	0
t004182	0	0	0	-1	0	0
t004183	4	0	7	0	0	0
t004184	0	2	3	-1	0	0
t004185	0	6	3	-2	3	-3
t004186	2	1	5	-2	0	0
t004187	1	1	2	0	0	0
t004188	0	1	3	-5	1	0
t004189	1	15	2	-1	1	18
t004190	0	-15	3	-1	-14	0
t004191	2	4	8	-3	0	0
t004192	-1	2	1	-5	0	0
t004193	0	2	1	-3	0	-2
t004194	0	3	1	0	0	0
t004195	0	2	0	0	0	0
t004196	0	1	3	-3	0	0
t004197	0	27	0	0	0	0
t004198	0	6	0	0	0	0
t004199	0	3	2	-2	1	0
t004200	0	1	1	0	0	0
t004201	0	5	1	0	0	1
t004202	2	2	4	-1	0	0
t004203	4	9	2	-2	0	0
t004204	0	5	5	-4	0	0
t004205	4	2	0	0	0	2
t004206	1	1	0	-1	0	0
t004207	0	4	0	0	0	0
t004208	0	16	2	0	1	0
t004209	0	1	4	-5	0	0
t004210	0	-12	6	-5	0	-2
t004211	0	2	1	-2	0	4
t004212	0	1	0	-1	0	0
t004213	0	2	2	0	1	0
t004214	0	1	0	0	0	0
t004215	0	9	2	-1	1	-1
t004216	0	10	2	-2	1	-3
t004217	0	1	9	-1	0	0
t004218	1	1	1	0	1	0
t004219	1	2	0	0	0	-3
t004220	0	0	0	0	0	0
t004221	0	3	1	0	0	0
t004222	0	0	12	-6	1	-1
t004223	0	0	0	-1	0	0
t004224	0	1	1	0	0	0
t004225	0	0	1	-2	0	0
t004226	0	1	0	-1	0	0
t004227	0	2	1	0	0	0
t004228	0	2	2	-1	1	1
t004229	0	5	1	0	0	0
t004230	0	2	1	0	0	0
t004231	0	3	7	-4	0	0
t004232	0	4	10	-1	0	0
t004233	-1	6	10	-6	0	-2
t004234	6	7	0	0	0	0
t004235	0	6	6	-18	1	0
t004236	0	4	3	0	1	-3
t004237	0	9	4	0	0	0
t004238	0	3	0	0	0	0
t004239	4	6	3	-6	31	1
t004240	0	3	1	1	0	0
t004241	0	3	1	0	0	0
t004242	2	2	3	0	0	0
t004243	0	1	3	-2	0	0
t004244	10	9	49	-6	4	-3
t004245	0	2	3	0	0	0
t004246	7	26	4	-2	24	-1
t004247	0	6	0	-1	0	0
t004248	0	9	1	0	2	0
t004249	2	4	3	0	1	0
t004250	0	4	0	-1	0	0
t004251	0	0	1	0	0	1
t004252	1	41	2	-3	7	127
t004253	3	2	20	-2	5	0
t004254	0	1	9	0	0	0
t004255	9	22	6	-1	3	5
t004256	0	4	5	-1	29	-1
t004257	0	8	0	-1	0	0
t004258	1	10	5	0	5	0
t004259	0	2	3	-12	55	0
t004260	2	10	20	-1	0	0
t004261	0	8	0	0	0	0
t004262	0	9	0	0	1	0
t004263	0	10	9	-1	21	0
t004264	5	4	1	-1	27	0
t004265	0	1	2	-6	-1	0
t004266	0	2	1	0	0	0
t004267	0	3	1	-1	0	0
t004268	5	4	41	0	4	0
t004269	0	2	0	1	0	0
t004270	0	7	6	-4	9	1
t004271	0	4	4	0	0	0
t004272	0	0	6	0	6	0
t004273	8	4	0	0	2	0
t004274	0	3	1	-1	0	0
t004275	0	2	4	-1	7	-2
t004276	0	17	3	-2	1	0
t004277	0	9	-1	-4	0	0
t004278	0	1	7	0	4	0
t004279	0	3	2	-1	14	0
t004280	2	2	12	-1	1	0
t004281	0	1	6	-12	1	-3
t004282	1	6	0	-1	0	0
t004283	0	45	5	-1	4	-1
t004284	0	8	3	-1	2	0
t004285	4	15	5	0	1	-1
t004286	4	14	6	-8	55	-1
t004287	1	7	0	0	1	0
t004288	13	7	5	-8	9	1
t004289	-2	1	0	0	0	0
t004290	4	5	6	-4	3	-4
t004291	3	1	17	-13	48	0
t004292	-4	13	3	-1	70	0
t004293	4	11	5	-8	44	0
t004294	0	8	9	0	2	0
t004295	1	15	4	1	0	0
t004296	20	15	6	-1	0	1
t004297	0	6	6	-1	54	0
t004298	0	0	0	0	11	0
t004299	0	1	0	-1	3	1
t004300	0	1	1	-7	198	0
t004301	0	1	5	-1	1	0
t004302	0	9	0	-1	0	0
t004303	2	0	1	0	34	0
t004304	0	11	0	0	0	0
t004305	0	1	0	0	0	-3
t004306	-1	0	0	0	1	-2
t004307	0	0	0	0	0	-1
t004308	-1	1	1	-1	0	0
t004309	0	5	0	0	0	-2
t004310	1	0	0	-3	0	-2
t004311	0	1	0	0	0	0
t004312	0	1	0	0	0	2
t004313	0	2	0	0	0	0
t004314	0	3	0	0	1	0
t004315	0	0	-6	0	0	1
t004316	0	2	0	0	0	0
