_NAME_,Factor1,Factor2,Factor3,Factor4,Factor5,Factor6,loaded,factor,pole
v000001,-0.64215893,-0.341025161,0.3492141509,-0.716242057,-0.336831079,-0.193389315,1,fac4,-1
v000002,0.1388112136,0.1683009204,0.0095091288,0.3883479603,-0.175168735,0.0173768547,1,fac4,1
v000003,0.5901704042,-0.04540031,-0.148596473,0.000817035,-0.183285733,-0.150635186,1,fac1,1
v000004,0.4078841145,-0.011571534,-0.193503877,0.0426067112,0.7609941729,-0.258948045,1,fac5,1
v000005,0.3235282599,-0.114317819,-0.0260621,-0.060501432,-0.065165238,-0.11927183,1,fac1,1
v000006,0.034697137,0.4203217039,0.0581452727,-0.054596627,-0.083086595,0.0579812778,1,fac2,1
v000008,-0.027436953,0.0046311958,0.3508961442,0.3047837995,-0.161783849,0.205531407,1,fac3,1
v000009,-0.24083715,0.4825108021,0.4529058827,0.6268348084,-0.091699507,-0.106979298,1,fac4,1
v000010,-0.163462106,-0.152884973,-0.111907473,-0.125859871,1.2459773964,-0.046431943,1,fac5,1
v000011,-0.133804933,-0.181401292,-0.106067557,-0.158297145,1.12211685,-0.072524756,1,fac5,1
v000012,0.1113125601,0.3594384682,0.136415125,0.0901403228,-0.166291431,-0.028127127,1,fac2,1
v000013,0.0505104042,0.6136194127,0.1001633934,0.0272119211,-0.060714774,-0.008586816,1,fac2,1
v000014,-0.281907177,-0.250063662,-0.333102817,-0.120330686,-0.144904609,-0.078121988,1,fac3,-1
v000015,0.0201803287,-0.050307437,0.1995231816,-0.16080144,-0.081088318,0.0783132048,0,,
v000017,-0.742972869,-0.386813509,-0.131254895,1.0524079326,-0.180431324,-0.120266773,1,fac4,1
v000018,0.1155125347,0.1753956894,0.4062986983,0.3241611539,-0.00436126,0.0421087736,1,fac3,1
v000019,0.3092874005,-0.119970669,0.1483975468,0.4238275527,-0.132561376,-0.083722919,1,fac4,1
v000020,0.4901338536,0.0417961987,0.327376986,0.1439025209,-0.081158131,-0.097127462,1,fac1,1
v000021,0.0701417277,0.0298047741,0.3808571352,-0.030949611,-0.033957925,-0.084699852,1,fac3,1
v000022,0.2888058115,0.2245824713,0.2546072358,-0.086861909,-0.064428776,-0.082944805,0,,
v000023,0.0810682815,-0.097562416,0.1641122518,-0.106684154,-0.060367358,-0.099939803,0,,
v000024,-0.033576298,-0.017148984,-0.22454964,0.1197683028,-0.172428076,0.0281276432,0,,
v000025,0.5702155548,-0.180032205,0.2207760122,0.2048843555,-0.071351126,-0.217534163,1,fac1,1
v000026,0.227895083,0.2335226933,0.2135780428,0.2429726849,-0.126110594,-0.054354587,0,,
v000027,0.5133352582,-0.043090111,0.2788150605,0.0416226674,-0.090644625,-0.008943727,1,fac1,1
v000028,0.2105774384,-0.189450478,0.5124845201,0.1416121117,0.7349656091,-0.062387742,1,fac5,1
v000029,0.2680342613,0.0193865335,-0.105863681,0.3037555642,-0.083753853,-0.04931307,1,fac4,1
v000030,0.4232645351,0.2713821828,-0.106600643,0.0298036188,-0.113470327,-0.198153131,1,fac1,1
v000031,0.6459605755,-0.152651873,0.1869095605,0.2148764414,-0.058223667,-0.03919069,1,fac1,1
v000032,0.2481824705,-0.027690285,0.4008160309,-0.064344333,-0.008777654,-0.133247926,1,fac3,1
v000033,-0.318205511,-0.198514667,-0.079950898,-0.148693829,1.201987527,-0.052197909,1,fac5,1
v000034,0.4164950359,-0.122164179,0.1051909467,0.0268563302,-0.054861816,-0.05569503,1,fac1,1
v000035,-0.473928234,1.2931701865,-0.043987801,-0.042533979,-0.047841942,-0.039528019,1,fac2,1
v000036,0.6167089301,-0.205109879,-0.336620039,-0.038815262,-0.03958373,-0.054285559,1,fac1,1
v000037,0.429610512,-0.068099912,-0.004710978,-0.031113734,-0.019702786,-0.049772533,1,fac1,1
v000038,0.2203803106,0.1561255745,-0.261176595,0.2295167084,-0.148951028,-0.104271945,0,,
v000039,0.3084092731,-0.160253601,-0.899967076,-0.090930035,-0.176618829,-0.235458288,1,fac3,-1
v000040,0.0465158184,0.02101524,-0.432092309,-0.122148437,-0.155004886,-0.226967396,1,fac3,-1
v000041,-0.26193769,-0.264272268,-0.081275529,-0.040948776,1.2149394424,-0.132033958,1,fac5,1
v000042,0.2711378591,-0.022604224,-0.523078729,0.2164047577,-0.300248589,-0.197836172,1,fac3,-1
v000043,0.4228971494,0.2532221366,0.0806299118,0.0731441877,-0.207880317,0.0687478403,1,fac1,1
v000044,-0.355473853,1.2042098922,0.1236056345,0.1650006428,0.0257627373,0.0115947172,1,fac2,1
v000045,-0.494307776,-0.253819807,-0.233449538,-0.150356623,-0.142106364,-0.10925649,1,fac1,-1
v000046,-0.701486501,-0.433967131,-0.057862692,1.3288425869,-0.149563904,-0.118915551,1,fac4,1
v000047,-0.24503597,-0.218202955,-0.296578331,-0.075257908,-0.096286713,-0.089808499,0,,
v000048,-0.210020201,0.7300668758,0.2454719287,-0.045687118,-0.030315367,-0.009403489,1,fac2,1
v000049,-0.134126734,0.0004524313,-0.195343765,0.0038753811,-0.148394355,-0.076687937,0,,
v000050,-0.406409549,-0.304346632,-0.023474505,-0.126970275,-0.159938228,1.2633808473,1,fac6,1
v000051,0.2424535651,0.2501058415,0.004216904,0.0005154294,-0.075127122,0.0656651181,0,,
v000052,-0.11688203,-0.184730193,-0.305551939,-0.162161009,-0.114352245,-0.036244867,1,fac3,-1
v000053,0.1148325426,0.0294285565,0.5352027435,-0.029648723,-0.045830583,-0.01322892,1,fac3,1
v000054,0.3313670087,-0.048891351,-0.406901095,0.0293840431,-0.149354341,-0.061018137,1,fac3,-1
v000055,0.0262270651,-0.218495279,0.4850010578,0.6403295793,-0.09361331,-0.038845255,1,fac4,1
v000056,0.3216077335,0.2436586867,0.1476506549,-0.016446447,0.6581086239,0.0386704512,1,fac5,1
v000057,0.075658759,0.0109432564,0.4891280561,0.0943720289,-0.084375786,-0.105789671,1,fac3,1
v000058,0.7253988687,-0.028619752,-0.01764183,-0.027924628,-0.074877292,0.0235479045,1,fac1,1
v000059,0.3770470241,-0.012847152,-0.144927874,-0.20931066,-0.047731283,-0.034848661,1,fac1,1
v000060,-0.029077801,0.361181764,0.4476924329,0.0713308998,-0.114658606,0.6318676328,1,fac6,1
v000061,0.5272519322,-0.304845174,0.2128166079,0.0410790312,-0.04697884,0.7423095898,1,fac6,1
v000062,0.4541803816,0.1907756111,-0.13604135,0.1033633841,-0.166414499,0.0173288264,1,fac1,1
v000063,-0.053696337,0.3405641826,0.4491278381,0.0819982668,-0.103210628,-0.100384671,1,fac3,1
v000064,0.6195653542,-0.176891866,-0.155320223,-0.065819199,-0.067036874,-0.075935164,1,fac1,1
v000065,-0.026307224,-0.124549487,-0.127796223,-0.101276021,-0.021693561,0.0533312674,0,,
v000066,0.2311138209,0.1031490909,0.4346949335,0.0643930945,-0.058821671,0.0580417906,1,fac3,1
v000067,0.1197003088,-0.107447364,-0.41870496,-0.050231612,-0.017582009,0.1314402249,1,fac3,-1
v000068,-0.153135601,0.2939059211,0.444989887,-0.344069755,-0.233192577,-0.221236689,1,fac3,1
v000069,0.1085511585,0.1622934479,0.0303215553,0.2651476457,-0.052087317,-0.020296378,0,,
v000070,-0.114105826,0.1938015563,0.520710603,0.3001023537,-0.060187798,-0.139747163,1,fac3,1
v000071,0.0718761311,0.224295756,0.4252490267,0.1194227344,0.7442598371,-0.089192934,1,fac5,1
v000072,-0.310315004,0.0944902975,-0.150120794,0.0442338423,0.1230556877,0.0680811411,1,fac1,-1
v000073,0.1563311316,-0.160773532,-0.00396401,0.1656779534,-0.017509372,-0.007872985,0,,
v000074,0.5713383449,-0.081308885,0.1753546318,0.0243494897,-0.038943556,0.0322942905,1,fac1,1
v000075,-0.039503009,0.015261385,0.4815575315,0.0630695075,0.0573104855,-0.105820855,1,fac3,1
v000076,0.1462276207,0.0936851747,0.3515532819,-0.236209672,-0.245296548,0.3963350384,1,fac6,1
v000077,-0.701486501,-0.433967131,-0.057862692,1.3288425869,-0.149563904,-0.118915551,1,fac4,1
v000078,0.4823871685,0.1536010814,0.1696387823,-0.016925086,-0.063027744,0.6683742293,1,fac6,1
v000079,0.0179751074,-0.137996888,0.0530892692,-0.090493067,-0.029865188,-0.086003872,0,,
v000080,-0.702935747,-0.37859671,0.0443008431,1.0639769053,-0.192534296,-0.118550699,1,fac4,1
v000081,0.0906345922,0.4692546093,0.2213350637,-0.081994452,-0.084607074,-0.058644446,1,fac2,1
v000082,-0.334930621,-0.194916071,-0.017712449,-0.087105843,1.1932131218,-0.095060604,1,fac5,1
v000083,0.3708735845,0.2621896156,0.1105190967,-0.0867845,0.1098957306,-0.141143498,1,fac1,1
v000084,-0.203671572,-0.102928681,0.0803291383,-0.025381592,-0.101117092,1.0367470294,1,fac6,1
v000085,0.1219308156,-0.043455919,0.2972757078,-0.421597886,-0.228551141,-0.285669672,1,fac4,-1
v000086,0.233814036,-0.059017382,0.2861846673,0.2734390742,-0.074567426,-0.097938135,0,,
v000087,0.1229604475,0.4252901362,0.2750370443,0.1327315729,-0.145785312,-0.147481134,1,fac2,1
v000088,-0.253809391,-0.295101523,0.4517728607,1.0382727804,-0.064437117,-0.085499761,1,fac4,1
v000089,-0.566686379,-0.269721965,-0.255903584,-0.17094635,-0.130020172,-0.10663329,1,fac1,-1
v000090,0.0583229352,-0.129472949,-0.172793329,-0.048930894,-0.034855717,-0.028684333,0,,
v000091,-0.071915701,-0.278819892,-0.340112701,-0.074257215,-0.030679306,0.0708693988,1,fac3,-1
v000092,0.7274162793,0.0128437996,-0.214924108,-0.052494918,-0.160957449,-0.078771922,1,fac1,1
v000093,-0.526570773,-0.203559217,-0.146488492,-0.018904655,-0.109104365,-0.130552205,1,fac1,-1
v000094,0.4576117962,0.0909216397,0.2524968857,-0.024239284,-0.047245511,-0.018151472,1,fac1,1
v000095,-0.089862728,-0.169261455,0.6430530348,-0.40007959,-0.207922536,-0.196851088,1,fac3,1
v000096,-0.486473408,-0.058927266,0.0541796756,0.0068158735,-0.056770971,-0.065659815,1,fac1,-1
v000097,-0.130277407,-0.193406344,-0.382918788,-0.118100434,-0.093530076,-0.012113034,1,fac3,-1
v000098,-0.49192848,-0.200328634,-0.253759826,-0.251179204,-0.161525189,-0.135081084,1,fac1,-1
v000099,0.116872256,0.0612701238,0.2215664207,0.0750935725,-0.145300012,-0.039891728,0,,
v000100,0.0910402624,-0.143729118,-0.031673924,-0.16888827,-0.092269035,-0.012270711,0,,
v000101,0.2441546163,0.0378825291,0.1547499977,0.1133205336,0.0170544558,0.0152729466,0,,
v000102,0.3510927052,0.3298336609,0.0601531245,-0.126548355,-0.047796999,-0.043226775,1,fac1,1
v000103,-0.397192298,-0.259546431,0.0510551715,-0.095780564,1.2982559893,-0.132438882,1,fac5,1
v000104,0.0637225594,0.0594732457,0.2087594308,0.0808732292,-0.356448276,-0.074416537,1,fac5,-1
v000105,0.4972817047,0.0851375135,-0.06362855,0.0038515374,-0.051198636,-0.033630011,1,fac1,1
v000106,-0.140252235,0.4709369014,0.0434154366,-0.008900094,-0.047082928,-0.149410577,1,fac2,1
v000107,-0.694154127,-0.342331846,0.2969069511,-0.759693402,-0.348121745,-0.159775349,1,fac4,-1
v000108,0.168088584,0.4564039983,0.3114535341,0.0120453988,-0.05627528,-0.159388055,1,fac2,1
v000109,0.2536986721,-0.188571414,0.2582525886,0.0331055211,-0.069670801,-0.049442344,0,,
v000110,-0.073472863,0.1863628887,0.1788322697,-0.265233899,0.13130564,0.1624569016,0,,
v000111,0.3548793964,0.2369556878,0.077232164,-0.048058779,0.4551375451,0.0124527471,1,fac5,1
v000112,0.1942184686,-0.249048285,-0.049895867,0.1991423448,-0.084994094,-0.08582209,0,,
v000113,0.1906669594,0.1751224321,-0.115858297,-0.339339742,-0.3391452,0.0531156298,1,fac4,-1
v000114,0.4244607074,-0.099851373,0.0952327051,-0.05053719,-0.031071518,-0.078402687,1,fac1,1
v000115,0.0884333287,-0.146498874,-0.073689651,-0.06571328,-0.022817502,0.0010538104,0,,
v000116,0.4641116117,-0.178345738,0.3994319028,0.2505250458,0.0279249751,-0.09159228,1,fac1,1
v000117,-0.752231849,-0.387873783,-0.196587948,1.3468509248,-0.160273183,-0.083830246,1,fac4,1
v000118,0.0173872632,-0.323008858,-0.011775708,0.7291629689,-0.13971677,-0.060272386,1,fac4,1
v000119,0.3055823378,-0.065487143,0.2263560498,0.0234871341,0.0510336352,0.0526503317,1,fac1,1
v000120,0.3667750655,-0.185214066,0.1896718541,0.2601786518,-0.030152797,-0.079265585,1,fac1,1
v000121,0.3574505583,-0.162109047,0.331247491,-0.259162751,-0.191420294,-0.045963703,1,fac1,1
v000122,0.4687528804,-0.075165081,0.3418120082,0.0046922095,-0.042317468,0.0099796464,1,fac1,1
v000123,-0.111876798,0.0463375057,0.1156952603,0.0186056034,-0.063624431,-0.007227349,0,,
v000124,-0.436602984,-0.214242874,-0.03294238,-0.110154501,1.2607553177,-0.16559485,1,fac5,1
v000125,-0.396653583,0.6880020349,0.0742809854,-0.03665853,-0.041162815,-0.087670521,1,fac2,1
v000126,0.3124185465,-0.021528925,0.0740300014,0.0527456916,-0.014302195,-0.01989684,1,fac1,1
v000127,0.032319319,0.4284054038,-0.36632018,0.0082553481,-0.155052441,-0.263512366,1,fac2,1
v000128,0.676671205,-0.123314075,-0.046382165,-0.024453418,-0.083644672,-0.080917276,1,fac1,1
v000129,0.0686466519,0.3640437721,-0.217455826,0.0749719981,-0.064662885,-0.041838105,1,fac2,1
v000130,0.2742445393,-0.0172903,0.3262911989,0.0908867709,-0.042937178,-0.068784392,1,fac3,1
v000131,0.4972619449,0.0964849042,0.0105458579,0.2815887374,-0.059154329,-0.150020141,1,fac1,1
v000132,-0.162050813,-0.16126065,-0.106373831,-0.127873337,1.1291246691,-0.130362915,1,fac5,1
v000133,0.2272810386,0.3432481746,-0.077011577,-0.157263258,0.0205350354,0.0667173088,1,fac2,1
v000135,0.3017903937,0.2833059442,0.3058094066,0.0232274983,-0.047587901,-0.022445605,1,fac3,1
v000136,0.2095548595,-0.071509303,-0.012215931,0.0054168823,-0.068841657,-0.021470993,0,,
v000137,-0.380983791,-0.225012497,-0.034637251,-0.145739443,1.2359222201,-0.174249145,1,fac5,1
v000138,-0.056717015,0.457612584,0.2090496414,0.5599257976,-0.160477125,-0.053630584,1,fac4,1
v000139,0.1390152269,-0.096930531,-0.1695231,-0.136093843,-0.013123521,-0.050386575,0,,
v000140,-0.146518571,-0.30023732,-0.040839283,-0.108275514,-0.213035289,1.1128587741,1,fac6,1
v000141,-0.260208795,-0.13482195,-0.022019902,-0.154610305,1.1559361834,-0.08692125,1,fac5,1
v000142,0.2238050429,0.0199884174,0.3074947089,0.1179262537,-0.042542103,0.1120448907,1,fac3,1
v000143,-0.113432509,0.4638951054,0.5983846752,-0.145996439,-0.146751789,-0.038247377,1,fac3,1
v000145,0.673377188,0.0315026125,-0.114642563,-0.154932931,-0.041689815,-0.034053324,1,fac1,1
v000146,-0.521754062,1.4298511677,-0.149756055,0.0004765772,0.0306781379,0.0759525963,1,fac2,1
v000147,0.0932445492,0.0867092322,0.4258422337,-0.060005006,-0.048420323,-0.025184681,1,fac3,1
v000148,0.2688398823,0.2384560837,0.1750587545,-0.13230611,-0.267918213,0.0604960092,0,,
v000149,0.3320663593,-0.118540454,0.0546068972,-0.084732332,-0.08092229,0.0159384841,1,fac1,1
v000150,0.0909767454,-0.095315505,0.081136987,-0.191317634,-0.072460794,0.0218770472,0,,
v000151,-0.284227938,-0.257064943,-0.075402776,-0.117295637,1.30954252,-0.159412911,1,fac5,1
v000152,0.0789413839,0.2788184616,0.0995313922,0.4578053469,-0.190288728,-0.147841624,1,fac4,1
v000153,0.1113584758,0.4403139736,-0.190452323,-0.010195967,-0.178383188,-0.196623716,1,fac2,1
v000154,0.3225504015,0.1794996085,0.1216343962,0.0738238361,0.523765401,-0.199079203,1,fac5,1
v000155,-0.412759942,-0.231595953,-0.318089066,-0.14340869,-0.147563839,-0.0816284,1,fac1,-1
v000156,0.2675317441,-0.003388857,0.1201543286,0.5508615838,-0.060855046,-0.228420739,1,fac4,1
v000157,0.1332352369,0.0781359579,0.3489045243,0.0707884521,-0.036705037,-0.064534393,1,fac3,1
v000158,0.4381655621,0.2651326647,0.067138953,-0.016577291,-0.077708049,0.2376889739,1,fac1,1
v000159,0.3632974565,-0.099983485,-0.268207062,-0.155286486,-0.13637978,-0.16182478,1,fac1,1
v000160,0.4513538019,-0.195048898,0.2482518849,0.3456038479,-0.070735166,-0.106089915,1,fac1,1
v000161,0.4256819892,-0.171011203,-0.379820131,-0.07842963,-0.12735624,-0.123051534,1,fac1,1
v000162,-0.595505063,1.5312324325,-0.160406939,0.0082830894,0.0433542005,0.0516711002,1,fac2,1
v000163,-0.412768349,1.2692858552,0.0472493666,0.0466806629,-0.017136493,-0.022640322,1,fac2,1
v000164,0.5234660455,0.015756743,0.0940356224,0.091326021,-0.106527001,-0.076881485,1,fac1,1
v000165,0.1103107919,0.2524390373,0.2453556421,0.511016714,-0.095118344,-0.035971318,1,fac4,1
v000166,-0.440776003,-0.140807624,-0.169800796,-0.08158391,-0.130588021,-0.120366787,1,fac1,-1
v000167,-0.443468477,0.338521512,0.1194654633,0.5908993456,-0.119369243,-0.072343821,1,fac4,1
v000168,0.2634007711,-0.010910315,0.2194230673,-0.059631623,-0.025231428,-0.098484143,0,,
v000169,0.1678030671,0.4692982108,0.2469171989,-0.063714227,-0.040560033,-0.09865077,1,fac2,1
v000170,-0.16342641,-0.237158693,-0.114412314,-0.055554392,1.1406650924,-0.093121536,1,fac5,1
v000171,0.398159244,0.1102004072,-0.352285692,-0.018835885,0.2447882196,0.2546056699,1,fac1,1
v000172,0.1914511503,0.3836591054,-0.03462509,0.0131265745,-0.031720831,0.0653565486,1,fac2,1
v000173,0.5245493024,-0.104949515,0.0662490568,-0.016630159,-0.139598353,-0.140320461,1,fac1,1
v000174,0.11247348,-0.102784092,-0.032280981,-0.143338496,-0.083385042,-0.044218729,0,,
v000175,0.1422221233,0.2622431694,-0.144639824,0.4715982747,0.3649382747,-0.15369479,1,fac4,1
v000176,-0.128591507,-0.041903947,0.6313060535,-0.353299169,-0.223994899,-0.057759493,1,fac3,1
v000177,-0.114832155,0.351862444,0.2136436917,0.434900487,-0.120862892,-0.054189911,1,fac4,1
v000178,0.4942143085,-0.167574545,-0.051702558,-0.07554783,-0.042711988,0.0322873958,1,fac1,1
v000179,0.0487809322,0.2274988556,0.2415386309,0.6021142598,-0.148732014,-0.077369316,1,fac4,1
v000180,0.1820013899,0.0516166885,-0.091989098,0.0457923114,-0.191303928,-0.239149892,0,,
v000181,-0.250579807,-0.263317306,-0.410807666,-0.095297549,-0.175665606,-0.068274585,1,fac3,-1
v000182,0.0106425958,0.203653324,0.3674973853,0.5892772539,-0.103149212,-0.130831922,1,fac4,1
v000183,-0.607260876,1.5002355468,-0.074786011,-0.021617812,-0.02247919,-0.081864533,1,fac2,1
v000184,-0.205319235,-0.183692909,-0.160634436,-0.09375014,-0.079473486,0.0313825025,0,,
v000185,0.6216664539,-0.163100177,0.1829223643,0.024366489,-0.042460884,-0.070062649,1,fac1,1
v000186,0.4612281187,-0.161576195,0.2725555204,0.1979899895,-0.038719755,-0.095601428,1,fac1,1
v000187,0.0294253216,-0.040447316,0.4692063708,0.2449410873,-0.092981145,-0.055006296,1,fac3,1
v000188,0.1367440099,-0.08309569,-0.986433411,-0.115951504,-0.18489583,-0.273444303,1,fac3,-1
v000189,-0.165809393,-0.275005161,0.0170229876,0.0177526329,-0.140998926,1.0886714586,1,fac6,1
v000190,0.5407201887,0.2486766663,-0.294455074,-0.136086751,-0.244348787,-0.155780951,1,fac1,1
v000191,-0.298580804,-0.236221381,-0.004655377,-0.068870811,1.2281947431,-0.083340203,1,fac5,1
v000192,-0.23578813,0.66937051,0.2073867385,0.113091129,-0.073641396,-0.098237541,1,fac2,1
v000193,-0.092769351,-0.204494376,-0.122662064,-0.195973405,0.0488298422,-0.044671221,0,,
v000195,0.1357037313,-0.094819537,0.1230516794,0.2201603471,0.0266235419,0.0187885813,0,,
v000196,-0.347167605,-0.240703048,-0.049969389,-0.117100617,1.2709174124,-0.136736505,1,fac5,1
v000197,0.0213128343,0.1751245412,0.4205674554,0.4317091626,-0.149425404,-0.156048657,1,fac4,1
v000199,0.4062961761,-0.176516631,-0.257032635,-0.190623875,-0.033873511,-0.003267565,1,fac1,1
v000200,0.0271594281,-0.165583456,-0.41030977,-0.049932353,-0.025384764,0.0605250276,1,fac3,-1
v000201,0.5373249014,-0.088774613,-0.196871601,-0.072811324,0.0286386566,0.0103711994,1,fac1,1
v000202,0.2499289789,0.0337728511,0.3516663347,-0.467761037,-0.214135279,-0.087937106,1,fac4,-1
v000203,0.1085196872,-0.242519278,-0.293300448,-0.147984269,-0.069997786,-0.15341627,0,,
v000204,0.0964777287,0.158561686,0.2668995782,0.6065425605,-0.130601947,-0.12990246,1,fac4,1
v000205,-0.50032436,-0.227567715,-0.231902287,-0.180474014,-0.104619944,-0.08449328,1,fac1,-1
v000206,-0.240510203,-0.271848551,-0.163027836,-0.112619573,-0.125154142,1.2782905577,1,fac6,1
v000207,0.1050903895,0.2945158342,0.4744303764,0.1495464838,0.5425782918,0.4007789337,1,fac5,1
v000208,0.467529087,-0.248380557,-0.096176432,0.1628222959,-0.078552523,-0.013983451,1,fac1,1
v000209,0.0190383132,-0.122230378,-0.32993669,-0.192567764,-0.058372426,-0.002374617,1,fac3,-1
v000210,0.1242711888,-0.054283159,-0.02823024,-0.089451089,-0.097315997,1.1413988129,1,fac6,1
v000211,0.4072057855,0.1488087405,-0.154422908,-0.00175375,0.421484244,0.2867730519,1,fac5,1
v000212,0.1973859359,0.4282255661,0.3853332445,0.1129207825,0.0477568075,0.0954560356,1,fac2,1
v000214,0.3299550279,-0.156066467,0.5387448868,-0.356717976,-0.157409107,-0.101607959,1,fac3,1
v000215,0.0165525045,0.3797818652,0.3706649082,0.2165107304,-0.022884638,-0.134123023,1,fac2,1
v000216,-0.6599507,-0.441997928,-0.049229984,1.2934637733,-0.159833715,-0.081940462,1,fac4,1
v000217,-0.03085861,0.4351993948,0.1411435008,-0.023980366,-0.024683724,-0.056402034,1,fac2,1
v000218,-0.074492052,-0.135057618,0.2488527712,0.4134987438,0.0217268346,-0.111297905,1,fac4,1
v000219,0.1047192865,-0.161677993,0.2080974248,0.2352155449,0.006263755,-0.063327669,0,,
v000220,0.3391634321,0.2890125601,0.3585219443,0.1009741798,-0.002421629,-0.113229428,1,fac3,1
v000221,0.1519707899,0.0215813868,0.5306255687,0.0696598225,-0.088492131,-0.030561396,1,fac3,1
v000222,0.0381897683,0.2905427845,0.190619178,0.1757867485,-0.095794132,-0.13503888,0,,
v000223,0.2574739653,-0.118398961,0.1877373695,-0.029417773,-0.068678406,-0.071199233,0,,
v000224,0.1167703562,0.1754785616,0.243577898,0.4455056882,-0.100857463,-0.103295902,1,fac4,1
v000225,-0.244112183,-0.204698957,-0.042288767,-0.116783631,1.1547690514,-0.074972708,1,fac5,1
v000226,0.5917181513,0.044615005,-0.115104008,-0.043748732,-0.100506708,-0.102167898,1,fac1,1
v000227,-0.302109626,0.0053203624,0.2614272844,-0.030779669,-0.119627866,-0.105765864,1,fac1,-1
v000228,-0.317692637,-0.245048929,-0.275859547,-0.181985747,-0.052790764,-0.026739948,1,fac1,-1
v000229,0.1772083837,-0.072969503,0.4304037328,0.0682634606,0.0304266445,-0.024498412,1,fac3,1
v000230,0.5538690524,0.1416968345,-0.154462626,-0.039879091,-0.110849766,0.1826768198,1,fac1,1
v000231,0.319594747,-0.07824675,0.1189742381,-0.010965448,-0.095377095,-0.119565612,1,fac1,1
v000232,0.252913605,-0.242623657,-0.137958752,-0.107543229,0.029862019,1.12978432,1,fac6,1
v000233,0.7336570885,-0.238947193,-0.29756051,-0.163132133,-0.06950919,-0.04405818,1,fac1,1
v000234,0.0414752746,-0.134394058,0.0979217646,-0.057552754,-0.063290524,-0.118661929,0,,
v000235,0.0416496191,-0.154880779,0.4447388322,-0.456383465,-0.236246762,-0.069404618,1,fac4,-1
v000236,0.3894575508,0.3651333305,0.012357034,-0.061089655,0.0278569965,0.0838289552,1,fac1,1
v000237,-0.147982383,-0.300151974,-0.129964215,-0.216829435,-0.174378866,1.1165236918,1,fac6,1
v000238,-0.584421054,-0.216909436,-0.207900812,-0.127383943,-0.131220032,-0.110266034,1,fac1,-1
v000239,0.1515050357,-0.052952048,0.4692163828,-0.134249695,-0.125573796,0.0291057904,1,fac3,1
v000240,0.4488228273,0.1886879041,0.0950547698,0.0018947299,0.0133846652,-0.016992393,1,fac1,1
v000241,0.4538664986,-0.146255141,0.0137192538,-0.091967672,-0.002205727,-0.154381486,1,fac1,1
v000242,-0.134257424,0.4566234189,0.3789732211,0.0300644802,-0.002649905,-0.030925584,1,fac2,1
v000243,0.1666130962,0.04794361,0.5978095281,0.0429687376,-0.030100801,-0.032602721,1,fac3,1
v000244,-0.068777372,-0.076610808,0.4365537921,0.696449386,-0.011603017,0.0251879311,1,fac4,1
v000245,0.5652912335,-0.110176489,-0.28803193,-0.114968348,-0.076880946,0.0588462197,1,fac1,1
v000246,0.1163828508,0.3075600067,0.3378238706,0.0399208236,0.0233900606,-0.136605723,1,fac3,1
v000247,0.3813581379,-0.205703782,0.3416021128,-0.204001844,-0.20411158,0.5349605159,1,fac6,1
v000248,-0.428347947,0.6854860941,0.3128628795,0.1046476432,-0.122697111,-0.118814588,1,fac2,1
v000249,-0.006941991,0.423828454,0.3939312211,-0.028758914,-0.007198994,-0.095494178,1,fac2,1
v000250,0.1825633131,0.1755836491,0.145346069,0.3914579029,-0.085483505,-0.17970525,1,fac4,1
v000251,0.2566914543,-0.085004724,0.2188354191,0.386148014,-0.115887521,-0.047566677,1,fac4,1
v000252,0.2938065793,0.1422288586,0.345047544,0.0371888933,-0.004061122,-0.059048644,1,fac3,1
v000253,-0.282463474,-0.191078653,-0.340987596,-0.167760465,-0.071872097,-0.03605734,1,fac3,-1
v000254,-0.043857337,-0.131824355,-0.368710919,-0.101521105,-0.030783764,-0.060682486,1,fac3,-1
v000255,0.2542481054,-0.067533432,0.5607385049,0.2556141655,-0.049764099,-0.157970495,1,fac3,1
v000256,0.0863433977,0.2713754144,0.152419531,0.6467936297,-0.022168664,-0.148250606,1,fac4,1
v000257,0.1669456842,-0.179719962,-0.121121737,-0.020017934,-0.038970434,-0.12638259,0,,
v000258,-0.55733254,1.4434766868,0.0094979726,-0.040958319,-0.064306661,-0.11068915,1,fac2,1
v000259,-0.162969999,-0.169457748,-0.292213733,-0.168186202,-0.032607258,-0.080152891,0,,
v000260,0.3753908171,0.1962106134,0.0714107687,0.0239632641,0.713104387,-0.087753456,1,fac5,1
v000261,-0.085161803,0.6066979341,0.1346802931,-0.122189142,-0.064020875,-0.152698525,1,fac2,1
v000262,0.2621438527,0.1756821298,0.1266058503,-0.08759886,-0.176354101,0.0627440671,0,,
v000263,-0.387551768,-0.250891782,-0.242039765,-0.259267274,-0.120084338,-0.19237955,1,fac1,-1
v000264,-0.212469564,-0.137086845,-0.004526644,-0.138399861,-0.101182798,1.0958732578,1,fac6,1
v000265,0.3324485205,0.2507098508,0.1775010571,-0.129671706,-0.00967236,-0.104345372,1,fac1,1
v000266,0.196873487,0.3625656658,0.1952553743,-0.063896223,-0.077464418,-0.071202069,1,fac2,1
v000267,0.4536645202,-0.203310829,0.2829289095,0.3391028421,0.0118528803,-0.136475683,1,fac1,1
v000268,0.3680829432,-0.140262063,0.1228768436,-0.111293076,-0.058587147,-0.073295191,1,fac1,1
v000269,0.5185756305,-0.275308455,-0.117843672,-0.180929758,-0.062789666,-0.048931648,1,fac1,1
v000270,-0.018874884,-0.07352009,0.1471593678,-0.08554421,-0.037893423,-0.062596994,0,,
v000271,0.1042665219,-0.140300738,0.2672289135,0.4085799458,-0.041547252,-0.006630611,1,fac4,1
v000272,-0.254127752,-0.218262875,-0.40863634,-0.148910161,-0.089213986,-0.066214234,1,fac3,-1
v000273,0.5342774451,-0.130943295,0.0950555874,-0.013913201,-0.018708534,-0.091830484,1,fac1,1
v000274,0.469991749,-0.153435921,0.4228966837,0.1729435036,-0.062354318,-0.11744947,1,fac1,1
v000275,0.6394346112,-0.229111349,-0.04287865,-0.02347853,-0.093230261,-0.142312498,1,fac1,1
v000276,0.1891122533,0.0548446685,0.142897689,-0.014691074,-0.017264317,-0.005518387,0,,
v000277,-0.66589654,-0.367987121,0.3091112485,-0.745960963,-0.336773981,-0.147334306,1,fac4,-1
v000278,0.2229989608,0.2505214178,0.0655968315,0.3603134452,-0.067435847,-0.20702815,1,fac4,1
v000279,0.4629759837,-0.101776361,0.3612413014,0.1760966101,-0.039973541,-0.008503914,1,fac1,1
v000280,-0.174953146,-0.170296357,-0.008496263,-0.106434362,1.1190085423,-0.118189613,1,fac5,1
v000281,0.5962499781,-0.016199753,-0.058846948,-0.076399082,-0.113542626,0.044783952,1,fac1,1
v000282,0.5917233483,0.138700146,-0.055294359,-0.140498194,-0.081851141,-0.122691834,1,fac1,1
v000283,-0.133490262,-0.139465866,-0.44133539,-0.104675688,-0.015453247,0.071011639,1,fac3,-1
v000284,0.0949997613,-0.13767166,0.0721490695,0.8368572541,-0.091232,0.0121269513,1,fac4,1
v000286,0.5427816287,-0.127850493,0.1461688372,0.1893664947,-0.024606202,-0.163486826,1,fac1,1
v000287,0.0544476406,0.481576404,0.3882083186,0.0309404937,-0.083629347,-0.052530226,1,fac2,1
v000288,-0.388582745,-0.154811,-0.394849597,-0.165186276,-0.176261446,-0.082964104,1,fac3,-1
v000289,0.4543209816,-0.047996088,0.2355004999,-0.049628651,-0.008542147,-0.038371279,1,fac1,1
v000290,0.1196597513,0.0410280892,0.5338303643,0.1443845192,-0.043209313,-0.089163152,1,fac3,1
v000291,0.3353829637,0.2612066051,0.1327647472,-0.052768954,-0.143237434,0.0851182359,1,fac1,1
v000292,-0.156659433,-0.134685374,-0.304866099,-0.153984291,0.0081995833,0.093968541,1,fac3,-1
v000293,0.2671175169,0.1076212731,0.3518249914,-0.034571312,-0.200899424,-0.036809349,1,fac3,1
v000294,-0.007651731,-0.135289971,-0.435151291,0.0248920217,-0.142533535,-0.05809911,1,fac3,-1
v000295,-0.140178575,0.5357228862,0.3016046643,-0.039302104,0.0048954022,-0.146716752,1,fac2,1
v000296,0.1835642513,0.2645624763,0.3382336977,0.3678447972,-0.109380221,-0.076167022,1,fac4,1
v000297,0.2162337014,0.223720973,0.088803617,-0.090333801,0.0458160919,0.0305706965,0,,
v000298,0.2690218473,0.238400997,0.3111597856,0.0716571881,-0.125801043,0.0093467732,1,fac3,1
v000299,-0.026347429,-0.079970522,0.8670080484,-0.172159633,-0.183844489,-0.147699887,1,fac3,1
v000300,0.1407216914,-0.008025648,0.3935000117,0.1743817973,-0.062617969,-0.106310519,1,fac3,1
v000301,0.2039445648,0.1412101844,0.4616213252,0.1593789848,-0.03250468,-0.047247663,1,fac3,1
v000302,0.3348106368,-0.136087092,0.1493790606,0.1238077012,-0.04042963,-0.085951471,1,fac1,1
v000303,-0.530915718,-0.253842192,-0.155327772,-0.163302683,-0.152468653,-0.096460923,1,fac1,-1
v000304,-0.106368059,-0.118121387,-0.177937477,-0.244747507,-0.000301122,-0.008711377,0,,
v000305,-0.077157289,-0.150078771,0.1654815203,0.033499912,-0.02128083,0.0106294224,0,,
v000306,-0.080937983,0.3401017525,0.3493261146,0.0905942485,-0.062951685,-0.109724106,1,fac3,1
v000307,0.0277381598,-0.042064516,-0.069707621,-0.133600287,-0.028508947,0.0303485541,0,,
v000308,-0.100480254,0.0920049286,0.1216219517,0.9178476099,-0.095810028,-0.11881359,1,fac4,1
v000309,0.0749541088,0.2289051549,0.2151069052,0.0126077785,-0.068216628,-0.140920431,0,,
v000310,-0.126914402,0.1670848671,-0.002903593,0.3475335894,0.2029644652,0.2073125662,1,fac4,1
v000311,0.6978942102,0.1885959924,-0.340302796,-0.073286562,-0.141994095,0.0095562815,1,fac1,1
v000312,0.6634334428,0.1033102724,-0.288044648,-0.143718614,-0.21986059,-0.169902015,1,fac1,1
v000313,0.3348098237,0.1564502911,-0.045484523,-0.246907996,-0.156468005,-0.134657622,1,fac1,1
v000314,-0.396111591,-0.228576046,-0.312040113,-0.199558774,-0.134355661,-0.071461482,1,fac1,-1
v000315,0.3451580664,0.2553697851,0.2048504569,0.0639926001,-0.056025733,0.0164336852,1,fac1,1
v000316,0.3445280407,-0.130500221,0.3484339456,0.2139253982,-0.073923486,-0.110169312,1,fac3,1
v000317,0.1667071088,0.2679982575,0.2536119075,-0.217019813,-0.242283734,-0.215518465,0,,
v000318,-0.722079347,-0.394268634,-0.173102066,1.0654192233,-0.168521061,-0.081256477,1,fac4,1
v000319,-0.317918245,0.5761647671,0.1988579373,-0.013608465,-0.014584633,-0.1216234,1,fac2,1
v000320,-0.461464843,-0.18753216,-0.180402813,-0.271758386,-0.127295123,-0.179869214,1,fac1,-1
v000321,0.6707749,-0.076906246,-0.104023028,0.1332567597,-0.07402997,-0.137937481,1,fac1,1
v000322,0.294049944,0.3054659791,0.2004727488,-0.100804402,0.0085553275,0.0688867072,1,fac2,1
v000323,0.1827534761,-0.164372175,-0.799963029,0.0408068211,-0.247179369,-0.357994172,1,fac3,-1
v000324,0.0792844192,-0.198090976,-0.239798919,-0.030456232,-0.045665652,0.0219908218,0,,
v000325,-0.218619841,0.0773905446,0.271353876,0.1630684369,0.1358989952,0.0547895937,0,,
v000326,-0.417301056,0.0596127104,-0.089088537,0.1287801364,-0.042352711,-0.079391277,1,fac1,-1
v000327,0.0776875784,0.1069767334,0.4098369184,0.0790781417,-0.068710643,-0.069188617,1,fac3,1
v000328,0.3879729295,0.246616522,0.1463255468,-0.041882185,0.0241763393,0.1107972468,1,fac1,1
v000329,0.5717495409,-0.025045495,0.1434076581,0.0064819952,-0.000648617,0.4521652,1,fac1,1
v000330,0.2860032471,0.2189665553,0.2012298364,-0.062021808,0.5678938011,-0.143362263,1,fac5,1
v000331,-0.049919553,0.4961644744,0.1723042765,-0.077634347,-0.141083128,-0.117395651,1,fac2,1
v000332,0.3770726594,0.2828762766,0.0767138218,-0.010111009,-0.042863992,-0.011287598,1,fac1,1
v000333,0.5442808989,-0.071878394,-0.290937542,-0.04963047,-0.156340308,-0.376081089,1,fac1,1
v000334,-0.149100479,-0.267671634,-0.10551831,-0.094169059,1.1386667459,-0.097794776,1,fac5,1
v000335,0.3814690204,0.1091657353,0.2429402647,-0.018515618,0.5094167327,0.4136827669,1,fac5,1
v000336,-0.495801692,0.3572997279,-0.093643483,0.0139206068,-0.070215,1.2872418963,1,fac6,1
v000337,0.137032888,0.1998714129,0.3895418403,-0.229013156,-0.195070766,0.4546028583,1,fac6,1
v000338,0.4502981888,-0.216353288,-0.300351472,-0.234943374,-0.038467202,-0.064717968,1,fac1,1
v000339,0.2044998411,0.3650835694,0.2267972096,0.346775667,-0.144875618,-0.007203273,1,fac2,1
v000340,0.5870697053,-0.134451026,0.033240921,-0.139860092,0.4994108655,-0.128278877,1,fac1,1
v000341,0.5175625702,0.1840012594,0.1413538091,-0.100007263,-0.014512306,-0.038940973,1,fac1,1
v000342,-0.503666505,-0.244426141,-0.270978729,-0.179075329,-0.142550954,-0.084131322,1,fac1,-1
v000343,-0.218513292,-0.212647639,-0.096636172,-0.082997001,1.1289450589,-0.103335918,1,fac5,1
v000344,0.2358467169,0.3786825141,-0.022487991,0.0086644668,-0.083312835,-0.215087611,1,fac2,1
v000345,-0.043509878,0.4526303117,0.2177215091,0.0684663781,-0.07304002,-0.174749058,1,fac2,1
v000346,-0.07487888,-0.192122562,0.1658126771,-0.510164887,-0.245783725,-0.17486584,1,fac4,-1
v000347,0.2563840667,0.3168543024,0.1482129323,-0.02319811,-0.058474096,-0.109803257,1,fac2,1
v000348,0.1390674352,0.0888866242,-0.030104884,0.1771208986,0.3504385544,-0.067407643,1,fac5,1
v000349,-0.503162754,-0.198213562,-0.210337709,-0.216347077,-0.166053934,-0.093817359,1,fac1,-1
v000350,-0.099955705,-0.164956839,-0.325614137,-0.148173601,-0.073914189,-0.024093666,1,fac3,-1
v000351,0.2203943455,-0.019702591,0.3655295029,0.0068671621,-0.093708877,-0.104965579,1,fac3,1
v000352,0.428009615,0.1030638406,0.1595488868,0.2396546462,-0.055885712,-0.1319613,1,fac1,1
v000353,0.3927634611,0.2324574325,0.1181289283,0.1035275756,-0.052947996,-0.06887354,1,fac1,1
v000354,-0.366155839,-0.192778551,-0.016478009,-0.084241413,1.1761361176,-0.157688365,1,fac5,1
v000355,0.6027465053,0.0788552722,-0.019306812,-0.172090688,0.0250072091,-0.047188143,1,fac1,1
v000356,0.4023135146,0.3497833598,0.0338958867,0.0264110675,-0.088599951,-0.07488958,1,fac1,1
v000357,0.0734017889,0.4111090654,0.245921113,-0.033862226,-0.109515782,-0.138353084,1,fac2,1
v000358,0.1418598757,0.3244021619,0.1101100077,-0.083789701,0.3758619212,0.3324518065,1,fac5,1
v000359,0.4123279766,-0.072553906,-0.112518119,0.0806991674,-0.067081206,-0.008987036,1,fac1,1
v000360,-0.6108276,1.555350183,-0.157145685,0.0248590701,0.0402827383,0.0305442856,1,fac2,1
v000361,0.1939246116,-0.164980643,-0.259713196,0.038373082,-0.035676899,0.0033072956,0,,
v000362,0.301197233,-0.055491626,0.3725802256,-0.006460976,0.4258698509,-0.193913708,1,fac5,1
v000363,0.185955515,0.3833312954,0.2090629633,0.0098341371,-0.090042568,-0.025509864,1,fac2,1
v000364,0.1052916942,0.0183374801,0.5700850541,0.0646827636,-0.057405831,-0.070758644,1,fac3,1
v000365,-0.189253657,-0.40409785,0.2665145267,0.9535664238,-0.052956782,0.0261718544,1,fac4,1
v000366,-0.014522383,-0.214236309,-0.286389122,-0.221463028,-0.053945092,0.0100520234,0,,
v000367,0.4673026962,-0.033958773,0.0085125255,-0.066060003,-0.109229784,-0.046539209,1,fac1,1
v000368,0.079878118,0.1250991481,0.2887117677,0.1578366673,-0.027748399,0.0363046561,0,,
v000369,-0.098968803,0.3070744136,0.331018431,0.411364525,-0.145160495,-0.080827375,1,fac4,1
v000370,-0.023450915,0.4253076191,0.1335611764,0.2137334568,0.0034158007,0.1198723084,1,fac2,1
v000371,0.7924302192,-0.027591116,-0.283804576,-0.101950934,-0.139789356,-0.141009049,1,fac1,1
v000372,0.1053837129,0.1169444527,0.2909866252,0.5207424041,-0.04110689,-0.007716388,1,fac4,1
v000375,-0.216057694,-0.043129044,0.0671611653,0.0633029823,-0.119326956,-0.094171529,0,,
v000376,-0.476491353,-0.213797362,-0.273508212,-0.17048363,-0.138954274,-0.078952904,1,fac1,-1
v000377,-0.444312413,-0.208998092,0.0072441476,-0.123730697,1.2754509541,-0.159278663,1,fac5,1
v000378,-0.3650852,-0.265432545,0.0845446916,-0.075149849,1.2537099233,-0.147976715,1,fac5,1
v000379,-0.530720182,-0.301289056,0.2360918165,-0.796065711,-0.367889372,-0.158649352,1,fac4,-1
v000380,0.4020990965,-0.193618083,0.1777286404,0.1126243652,-0.03270768,0.0234103458,1,fac1,1
v000381,0.5216267085,-0.13664968,0.0492701643,0.1004686055,-0.044459581,-0.100724467,1,fac1,1
v000382,-0.208690596,-0.287729945,-0.496241286,-0.069279121,-0.111686584,-0.066301396,1,fac3,-1
v000383,0.3554589165,0.1637713344,-0.387278093,-0.067508817,-0.173510334,-0.367165876,1,fac3,-1
v000384,-0.004580063,0.5906384234,0.0962507394,-0.224811048,-0.064017977,-0.071205249,1,fac2,1
v000385,0.5499790701,-0.134475703,-0.097908453,-0.037708851,-0.102862548,0.0898533685,1,fac1,1
v000386,0.2403767258,0.0983056933,0.0608528897,0.2067851707,-0.111441974,-0.136669207,0,,
v000387,0.5550055832,-0.053773733,-0.309280457,-0.168376848,-0.049675259,0.1020571716,1,fac1,1
v000388,0.5931389953,-0.138894163,0.1266008159,0.1111834137,-0.016636722,-0.153439952,1,fac1,1
v000389,0.1063515324,0.5160584274,-0.149537775,-0.037933043,0.0516520092,-0.049704787,1,fac2,1
v000390,-0.629315049,1.5679423348,-0.154257955,0.0059332733,0.0376321363,0.0486459272,1,fac2,1
v000391,-0.10710691,0.4274258047,0.7147369824,-0.443295398,-0.166340552,-0.107744872,1,fac3,1
v000392,-0.320069428,-0.266406387,-0.035876437,-0.118383823,1.2362619195,-0.144258578,1,fac5,1
v000393,0.0520164733,0.1129482898,-0.781394708,-0.134998645,-0.214047154,-0.322313233,1,fac3,-1
v000394,0.2061574999,0.0907937984,0.5518932661,0.2511646538,0.7258402391,-0.174101419,1,fac5,1
v000395,0.3701716674,-0.341024554,0.2047165432,0.6249159495,-0.103894999,-0.140777028,1,fac4,1
v000396,-0.369823122,-0.162255636,-0.293283584,-0.168913137,-0.147646236,-0.095381591,1,fac1,-1
v000397,0.0906699456,0.0910344459,-0.09744878,0.3449736534,0.3255963309,-0.105152356,1,fac4,1
v000398,0.6652280479,0.0619621414,-0.022495537,-0.127079713,-0.014196763,-0.115397409,1,fac1,1
v000399,0.2269943976,-0.094116506,0.3098996322,0.0672552468,0.0633858069,-0.183665809,1,fac3,1
v000401,-0.251526098,-0.235585563,0.0770022205,-0.15441118,-0.12648352,1.1136176972,1,fac6,1
v000402,0.137762908,-0.088809414,-0.068541226,-0.178774367,-0.095330348,-0.033389579,0,,
v000403,0.1381994866,0.4090872758,0.2821248595,-0.081817156,-0.122690023,-0.104979928,1,fac2,1
v000404,-0.015227971,0.2651987654,-0.125775037,0.2496952896,-0.205272934,-0.075023481,0,,
v000405,-0.100666008,0.0140814761,0.5001082893,0.1190736888,-0.069064906,-0.070397707,1,fac3,1
v000406,0.1785755876,0.2401675572,0.448240135,0.122704239,-0.146693185,-0.079583299,1,fac3,1
v000407,-0.474742596,-0.173534459,-0.216562036,-0.251131146,-0.143854635,-0.155798619,1,fac1,-1
v000408,-0.031126399,-0.058720575,0.5800411506,0.3423166552,-0.098556475,-0.072221258,1,fac3,1
v000409,-0.1621835,-0.177747323,-0.981501461,-0.124026989,-0.279442973,-0.404319829,1,fac3,-1
v000410,0.1081651868,-0.062757167,-0.052607643,-0.177912662,-0.079655233,0.0142264446,0,,
v000411,-0.6599507,-0.441997928,-0.049229984,1.2934637733,-0.159833715,-0.081940462,1,fac4,1
v000412,0.0887831502,0.0170416944,0.7062308547,-0.277882985,-0.180141799,-0.198253731,1,fac3,1
v000413,-0.318341004,0.4412957876,0.0232213401,0.1035718694,-0.032955928,-0.031428327,1,fac2,1
v000414,0.2034138772,0.0494384939,0.2552967656,0.0403319907,-0.018874734,0.0106512868,0,,
v000415,0.2938456288,0.2161586026,0.0556629381,0.0126297779,-0.05681798,-0.071097195,0,,
v000416,0.3015270528,0.0829289606,-0.045990133,0.0237152772,0.4215715714,-0.230563336,1,fac5,1
v000417,-0.590309254,1.5369767193,-0.116630601,-0.025312848,-0.005747574,-0.009166969,1,fac2,1
v000418,0.0517278888,0.3030068429,0.4275637228,0.0363639561,-0.039387292,-0.149927706,1,fac3,1
v000419,0.1748459727,-0.135993661,0.1113930269,0.1062217849,-0.010356327,-0.077063682,0,,
v000420,0.0263358286,-0.056255664,-0.374013699,-0.135006574,0.2161808688,0.0323876584,1,fac3,-1
v000421,-0.332592564,-0.326315445,-0.139037488,-0.057834903,-0.127293888,1.3783890943,1,fac6,1
v000422,0.5480219928,-0.068554367,0.207344467,-0.010795439,0.0320822483,-0.082921742,1,fac1,1
v000423,0.1104211022,-0.289199076,-0.372626644,-0.066373269,-0.054279866,-0.102377196,1,fac3,-1
v000424,-0.61020922,1.3788077901,-0.155356997,-0.041802977,-0.035588775,0.0662133821,1,fac2,1
v000425,0.4110246347,0.0614865792,0.2799679416,0.0130165858,-0.066006545,-0.12097685,1,fac1,1
v000426,0.0284998547,-0.102823566,-0.343589594,-0.133415597,0.0545124026,0.0720860294,1,fac3,-1
v000427,0.0740727973,0.0795712073,0.5934116945,-0.013753158,0.0458959973,-0.024237219,1,fac3,1
v000428,-0.131261976,0.0911028484,0.4586952216,0.1481079433,0.0243931858,0.0592843331,1,fac3,1
v000429,-0.354364747,-0.289682126,0.0142787548,-0.120882455,-0.153782506,1.2447756059,1,fac6,1
v000430,0.4472653818,-0.040052498,-0.042783063,-0.075612931,0.0067787634,0.0430069763,1,fac1,1
v000431,0.3732773698,0.0632411777,0.2506166096,-0.13414688,-0.022868564,-0.08583714,1,fac1,1
v000432,-0.589232625,1.5370542348,-0.182592721,0.0046400687,0.030423749,0.0425186268,1,fac2,1
v000433,-0.05972642,-0.087501625,-0.912787264,-0.064591089,-0.255425446,-0.328858272,1,fac3,-1
v000434,-0.276968192,-0.169848909,0.2957827777,0.9094716004,-0.118685375,-0.010252684,1,fac4,1
v000435,0.4947778131,-0.124570985,-0.273734092,0.5868612314,-0.015300328,-0.199384517,1,fac4,1
v000436,0.1698562724,0.3644675555,0.4073345305,-0.012986995,0.622803417,-0.130868208,1,fac5,1
v000437,0.3944570824,0.2922855176,0.125795578,-0.063791819,-0.050275721,0.0872837153,1,fac1,1
v000438,-0.057400117,0.4801959331,0.5925464246,-0.367449041,-0.196759628,-0.082109883,1,fac3,1
v000439,0.3167684703,0.2143370953,0.2218700662,-0.043215606,-0.157438315,0.4888329424,1,fac6,1
v000440,-0.149227874,0.2052490131,0.5771309076,0.563392843,-0.088386254,-0.000187621,1,fac3,1
v000441,0.0551972591,-0.096884137,0.6135919919,0.3014301682,-0.067581015,-0.143379632,1,fac3,1
v000442,0.0631936123,0.1573377556,-0.012116056,0.4858628615,-0.238254474,-0.070563157,1,fac4,1
v000443,-0.285199858,-0.296474323,-0.107487801,-0.134187258,-0.153085363,1.2686650993,1,fac6,1
v000444,-0.017531478,-0.009209862,0.0167528791,-0.199602577,0.008752102,-0.043116286,0,,
v000445,0.5772741248,-0.28375262,0.0503474402,0.0097788055,-0.174922784,0.5544253095,1,fac1,1
v000446,-0.387806769,0.4657745872,0.403222028,0.5669124455,-0.086703208,-0.045883469,1,fac4,1
v000447,-0.089593528,-0.092128822,0.3825361275,0.4763188574,-0.067960243,-0.009721495,1,fac4,1
v000448,0.2705301326,0.0299114707,0.1292157195,0.5165539606,-0.160762635,-0.157134256,1,fac4,1
v000449,0.4081417156,-0.169331674,0.3019088794,0.1961817394,-0.051567708,-0.087196071,1,fac1,1
v000450,0.1866587179,-0.316884486,0.0380390624,0.7543116802,-0.058308013,-0.156638507,1,fac4,1
v000451,0.3200376157,0.0217382353,0.3928159239,0.0474284582,-0.065121839,-0.122067725,1,fac3,1
v000452,-0.35109181,-0.229775758,-0.238720703,-0.186682967,-0.109235862,-0.020105919,1,fac1,-1
v000453,0.2695057864,0.2861256974,0.0027210267,0.1429951052,-0.124014343,0.0059185058,0,,
v000454,-0.059307975,0.6832652404,0.0626436757,0.0172929584,-0.077885305,-0.141238625,1,fac2,1
v000455,0.0199175379,0.0310854917,0.4757092727,0.1295478032,-0.068600929,-0.157960998,1,fac3,1
v000456,0.2284427621,-0.275483105,0.3287624186,0.4590827026,-0.038861781,-0.090516051,1,fac4,1
v000457,-0.339613326,-0.244478124,-0.424929664,-0.074769332,-0.117665537,-0.061790581,1,fac3,-1
v000458,0.1952185813,0.3047661742,0.3943714747,0.1151538425,-0.09431821,-0.141631432,1,fac3,1
v000459,0.1511613609,0.3363155445,0.2712202228,-0.102569616,-0.068424775,-0.104796058,1,fac2,1
v000460,0.3157924226,-0.194593255,0.2685185679,-0.513525264,-0.242209045,-0.082042968,1,fac4,-1
v000461,-0.686613078,-0.329361199,0.2617881747,-0.762895607,-0.344230717,-0.137704385,1,fac4,-1
v000462,0.0640840688,0.2524631115,0.3589091199,0.0362359775,-0.047177516,-0.100058068,1,fac3,1
v000463,-0.693731345,-0.316604135,0.2628515879,-0.759806313,-0.357047976,-0.163231504,1,fac4,-1
v000465,0.0981978299,0.4395308372,0.3859211121,-0.397144913,-0.194316524,-0.080451319,1,fac2,1
v000466,0.2157831764,0.3965636604,0.1240864596,-0.128159153,-0.070024247,-0.067219902,1,fac2,1
v000467,0.130223514,0.1965422478,-0.121307367,0.5315251354,-0.291708895,0.3735878331,1,fac4,1
v000468,0.024908465,0.0718423054,-0.031325586,0.3162965571,0.2464823306,0.2653541258,1,fac4,1
v000469,0.0109241805,0.2105131857,-0.27592336,0.3457807363,0.2092164471,0.1494718134,1,fac4,1
v000470,0.5471514066,-0.026935863,-0.023370877,-0.132883562,-0.094459967,0.6915293349,1,fac6,1
v000471,0.1787717915,0.0569571065,0.1654925405,0.57015632,-0.12572177,-0.085947566,1,fac4,1
v000472,0.2779751541,0.4059995946,0.2311159431,-0.018028714,-0.027900745,-0.052624048,1,fac2,1
v000473,-0.055186967,-0.207952297,0.2999185717,0.6718869964,-0.071681093,-0.119829895,1,fac4,1
v000474,0.1829675404,0.3036261094,0.2694595398,0.3059409377,-0.101866721,-0.098701226,1,fac4,1
v000475,0.144817196,0.0398907422,-0.016316897,0.360255083,-0.14824201,-0.020193149,1,fac4,1
v000476,0.049576942,-0.003649465,0.037173331,-0.039351833,-0.017682078,0.0216015488,0,,
v000478,0.0047007477,-0.2011585,-0.580361625,-0.067082117,-0.060996194,-0.001665394,1,fac3,-1
v000479,-0.121464997,-0.313140057,0.326051139,1.0236992845,-0.074689611,-0.012639474,1,fac4,1
v000480,0.6634698913,-0.203838787,0.0543710319,0.0917883361,-0.037564488,-0.063393339,1,fac1,1
v000481,0.3133427352,-0.070963861,0.4063133525,0.0404334501,-0.046598044,-0.045977108,1,fac3,1
v000482,-0.060118127,0.1264210153,0.1111573794,-0.074969715,-0.078868324,-0.033984366,0,,
v000483,-0.18841442,-0.045422183,0.2269334854,0.3453837933,-0.111195929,-0.138778457,1,fac4,1
v000484,0.3800089751,0.1482136553,0.1649258136,0.0182777727,-0.039907591,-0.123626722,1,fac1,1
v000485,0.0605706564,0.4298622837,0.3404668222,-0.143180771,-0.082309312,-0.08848509,1,fac2,1
v000486,0.0737570003,0.5168015623,0.4194045973,0.1389097378,-0.008892945,-0.018257579,1,fac2,1
v000487,-0.034324701,-0.133771404,0.2918902787,0.8504988617,-0.102625515,0.0040513363,1,fac4,1
v000488,-0.271792629,-0.337283703,0.235003919,0.9756286723,-0.104398613,0.1177996696,1,fac4,1
v000489,0.4965237912,-0.059752002,0.2765233465,0.0448808891,0.0611038876,-0.051020449,1,fac1,1
v000490,-0.124965479,-0.227212165,-0.06000065,-0.078593062,1.2500848076,-0.008434937,1,fac5,1
v000491,0.2135360969,0.4347998813,-0.090274243,0.0086633743,-0.06173222,-0.031299862,1,fac2,1
v000492,-0.491609901,0.5005791024,-0.170104988,-0.19196051,-0.124454482,-0.13069269,1,fac2,1
v000493,-0.023456701,-0.102282793,-0.430814673,-0.077939432,-0.007409292,0.0160601503,1,fac3,-1
v000494,-0.024212814,-0.170559686,0.3463891675,0.6368170244,-0.071345179,-0.027396178,1,fac4,1
v000495,-0.186376087,-0.123907443,-0.302243958,-0.111240944,-0.01214069,0.0695080065,1,fac3,-1
v000496,0.2792362818,0.1793302059,0.1460935384,0.034713307,-0.08929754,-0.100710072,0,,
v000497,0.1953821269,0.0660270228,-0.11632792,-0.031254183,-0.117998578,-0.1346653,0,,
v000498,0.0798940111,0.3634199164,0.3374864069,-0.07112449,-0.162976732,-0.087975192,1,fac2,1
v000499,-0.441665686,0.6244148153,0.0770478669,-0.084784038,-0.080874329,-0.054285839,1,fac2,1
v000500,-0.163449932,-0.1084523,-0.403177754,-0.170054968,-0.011529962,0.0517935686,1,fac3,-1
v000501,-0.248595666,-0.115843413,-0.34121011,-0.206399115,-0.058035128,0.032549451,1,fac3,-1
v000502,0.2626477115,-0.016430265,0.2602703809,0.0557132035,-0.004038496,0.017806905,0,,
v000503,-0.421821951,-0.15113401,-0.268057416,-0.143200907,-0.156900782,-0.066530757,1,fac1,-1
v000504,0.0088242854,0.2172151274,-0.135216635,-0.010576714,0.0763357744,0.0602752117,0,,
v000505,-0.524180633,0.5689684149,-0.180374746,-0.145643941,-0.060420631,-0.129227994,1,fac2,1
v000506,0.3798508928,-0.058182544,0.0878645226,0.0086126823,0.0106630801,0.0327727524,1,fac1,1
v000507,0.0626644696,0.4005452629,0.0082809969,-0.121880704,0.012346137,0.1179140432,1,fac2,1
v000508,-0.443471918,-0.273339008,-0.237588119,-0.213947932,-0.120552896,-0.031332074,1,fac1,-1
v000509,-0.304391892,-0.251806412,-0.445717883,-0.05443782,-0.118705797,-0.094034276,1,fac3,-1
v000510,0.4006793332,0.0082571986,0.2932687036,0.02534084,0.0248566177,-0.069883712,1,fac1,1
v000511,0.3040432129,-0.056694837,-0.287863852,-0.152106655,-0.119947791,-0.020633561,1,fac1,1
v000512,0.3337326703,0.0367270172,0.0336575672,-0.162323198,0.0042910306,-0.027442893,1,fac1,1
v000513,0.2891345287,-0.173791138,0.0870363548,-0.011677823,-0.024410376,-0.094996348,0,,
v000514,0.5516625658,0.0445563531,-0.006931918,-0.00865649,-0.080482699,0.1001226052,1,fac1,1
v000515,0.6700544731,-0.174485336,0.00165337,-0.093766707,0.7295454266,0.0293892693,1,fac5,1
v000516,-0.246970561,-0.190341679,-0.321680286,-0.112586093,-0.036005289,-0.073374443,1,fac3,-1
v000517,-0.067137249,-0.254077535,-0.249296026,0.0119884119,-0.171284168,-0.085282114,0,,
v000518,-0.110599936,0.3619398683,0.3017129882,0.5520714304,-0.165076713,-0.084814888,1,fac4,1
v000519,-0.101261728,0.3682363215,0.4167676273,0.6381395095,-0.139470903,-0.028345936,1,fac4,1
v000520,0.2606392196,0.2159641911,0.1778347343,0.0835686479,0.0144408972,-0.170736808,0,,
v000521,-0.291357607,-0.131286843,0.0720589674,-0.027704861,-0.214741542,1.095595503,1,fac6,1
v000522,0.3533523497,0.3265120414,-0.158830209,0.0735434622,-0.182833592,0.102258728,1,fac1,1
v000523,0.4608094079,0.1033981238,0.2257620389,-0.018152335,-0.061169817,0.003067754,1,fac1,1
v000524,0.5147493967,-0.149658982,0.1149296958,-0.064736364,0.4067228465,0.3797941771,1,fac1,1
v000525,0.206618593,0.2931050179,0.0267374741,-0.064414359,0.8130647065,-0.115256678,1,fac5,1
v000526,-0.307574054,-0.24406592,-0.287082819,-0.212020312,-0.059964853,-0.004432756,1,fac1,-1
v000527,-0.149084954,-0.200498171,-0.202322055,-0.102954378,-0.034668276,-0.015876916,0,,
v000528,0.2069536392,0.2149373089,-0.044034758,-0.148543028,-0.050428024,-0.081606349,0,,
v000529,-0.753171081,1.4351356961,-0.176069971,-0.044808279,-0.010523964,-0.085150002,1,fac2,1
v000530,0.2692334896,0.3782350464,0.2826784461,0.0591501081,-0.045452347,0.074410675,1,fac2,1
v000531,-0.524531213,-0.161044437,-0.232621111,-0.248259636,-0.167771128,-0.175385545,1,fac1,-1
v000532,0.2544988869,-0.126276041,-0.198986518,0.0380528546,-0.09847296,-0.019847809,0,,
v000533,0.4016554327,-0.031557143,0.3045211926,-0.152756894,-0.061700446,-0.109083996,1,fac1,1
v000534,-0.247469035,-0.021968731,-0.156023298,-0.114927116,-0.107034103,-0.003343108,0,,
v000535,0.0830964757,0.464622571,-0.036510217,-0.078681974,-0.083612177,-0.186234194,1,fac2,1
v000536,-0.205204725,0.0904457171,0.1636015219,0.2033754658,0.0129487874,-0.04615222,0,,
v000537,0.3213315801,0.1588897853,0.3051046847,0.0835617016,0.0423520873,-0.082857655,1,fac1,1
v000538,-0.127382103,-0.190506939,0.1693133714,0.1959278152,-0.149063196,1.083043879,1,fac6,1
v000539,0.0801887505,0.3944319637,0.4099050507,-0.091112132,-0.058352766,-0.047421682,1,fac3,1
v000541,-0.297181543,-0.181247205,0.0282372996,-0.020296693,1.2055827266,-0.131849619,1,fac5,1
v000542,-0.062729774,0.4093737915,0.2124252533,-0.061421973,-0.079106426,0.0870517815,1,fac2,1
v000543,0.0792386378,-0.212762823,-0.595022156,-0.073898543,-0.043022248,0.0136777535,1,fac3,-1
v000544,-0.375167803,-0.26869596,-0.23578951,-0.130548693,-0.075571375,-0.079171649,1,fac1,-1
v000545,-0.149152713,0.4202580882,-0.072751786,-0.069616757,-0.070331347,1.1232856731,1,fac6,1
v000546,0.4800453979,-0.133528387,0.0931105169,0.0547040623,-0.037546656,-0.212714192,1,fac1,1
v000547,0.0746430736,-0.115118602,0.2632164703,0.0146145286,-0.086369782,-0.109860667,0,,
v000548,-0.14930714,-0.126901164,-0.166354636,-0.109702003,0.040162653,-0.019558717,0,,
v000549,-0.267622779,-0.003569204,0.2896631503,0.0332234744,0.0433039393,-0.016908484,0,,
v000550,-0.429806018,-0.196573347,-0.198033475,-0.088609512,-0.071303737,-0.035112264,1,fac1,-1
v000551,0.3886995672,0.2917055189,-0.00098173,-0.027925881,-0.041538559,0.0718261322,1,fac1,1
v000552,-0.088748108,0.5184117355,0.2987202392,-0.021737887,-0.04045472,0.7351381676,1,fac6,1
v000553,0.3133248866,0.1443661712,-0.002350741,0.5099867947,-0.053902286,-0.116270389,1,fac4,1
v000554,0.6212087796,-0.009482663,0.0323642012,-0.132535824,0.7134933359,-0.19846969,1,fac5,1
v000555,0.2942844484,0.283254321,0.3443320304,-0.014491834,-0.019971182,-0.065059517,1,fac3,1
v000556,0.0138434206,-0.149350705,-0.821077995,0.0870029345,-0.218553633,-0.082787411,1,fac3,-1
v000557,0.1279655386,0.3713543816,0.4096037926,0.0272507462,-0.102749801,0.5915745673,1,fac6,1
v000558,-0.714206208,-0.193420257,0.3787422379,-0.639855771,-0.374474143,-0.158194803,1,fac1,-1
v000559,0.681347005,-0.073905884,0.0871213705,-0.119262853,0.0044861727,-0.060987089,1,fac1,1
v000560,0.2945548378,-0.083386674,0.0140530248,-0.124352818,-0.004480519,-0.053967729,0,,
v000561,-0.122101864,-0.047195765,-0.2499519,-0.134471337,-0.035932461,-0.062310066,0,,
v000562,-0.178750581,-0.168143674,-0.146408912,-0.068677902,-0.033125782,0.023604775,0,,
v000563,0.277425805,0.4150702368,0.1419224818,0.0727166399,-0.098379105,0.0061630718,1,fac2,1
v000564,-0.509100853,-0.270113785,-0.187758688,-0.135947208,-0.122656685,-0.085447768,1,fac1,-1
v000565,-1.032573033,0.3796507115,-0.234880323,1.0602427779,-0.16075622,-0.157326691,1,fac4,1
v000566,0.5783133644,-0.090503484,0.0765713294,-0.144230621,0.6969429427,0.0800985155,1,fac5,1
v000567,0.2186274012,-0.055842068,0.1105702845,0.0103132162,-0.066658993,0.0681288524,0,,
v000568,0.0777535599,0.0592700162,0.4246158303,-0.113773855,-0.05400781,0.0299218346,1,fac3,1
v000569,-0.048834795,-0.216250554,-0.552163245,-0.140501403,-0.121979944,-0.026876666,1,fac3,-1
v000570,-0.243623035,-0.204494228,-0.044143355,-0.078461175,1.1808304251,-0.12575773,1,fac5,1
v000571,-0.169867895,0.2573344739,0.4875563856,0.7165288691,-0.078764493,-0.027747236,1,fac4,1
v000572,-0.227294698,-0.142487054,-0.018059564,-0.120850244,1.2666186007,-0.028945968,1,fac5,1
v000573,0.3096923536,0.0474302223,0.2600672699,-0.36320365,0.4830335102,-0.225373991,1,fac5,1
v000574,0.4432290258,0.0012724272,0.2897700632,-0.03126393,0.5934223669,-0.025570408,1,fac5,1
v000575,0.099397558,-0.003326454,0.0338666242,-0.220879066,-0.127721367,-0.109826608,0,,
v000576,0.1710771584,0.491879435,0.142424286,-0.014716448,0.6715052448,-0.172004448,1,fac5,1
v000577,-0.27734732,1.2381271461,0.2209182687,-0.002985804,0.0094083848,-0.051114727,1,fac2,1
v000578,-0.156529081,-0.28778459,-0.375810221,-0.101244722,-0.087541285,-0.110194266,1,fac3,-1
v000579,0.0905546479,-0.066585336,-0.894869687,0.0346136351,-0.237874711,-0.355663542,1,fac3,-1
v000580,0.2549694053,0.3738414457,-0.033027719,-0.187528013,-0.096020559,-0.095634943,1,fac2,1
v000581,0.4604428559,-0.056453563,-0.942008041,-0.07634666,-0.220377414,-0.308464745,1,fac3,-1
v000582,0.1126312298,-0.087852533,-0.958581427,-0.034875212,-0.177816502,-0.3092065,1,fac3,-1
v000583,-0.672245325,-0.434857265,-0.075641817,1.2976242701,-0.16295117,-0.058937109,1,fac4,1
v000584,0.6261152067,-0.034969983,-0.738565391,-0.090190592,-0.158593726,-0.084411935,1,fac3,-1
v000585,-0.415725073,-0.168390589,-0.159454243,-0.141686045,-0.073586908,-0.12364192,1,fac1,-1
v000586,0.14079555,-0.00083962,-0.419370825,-0.100757722,-0.177980198,-0.206497662,1,fac3,-1
v000587,0.1218439456,0.4291906959,0.3596950407,0.2037394477,-0.091828097,-0.118884592,1,fac2,1
v000588,0.3919680179,0.0222483301,0.015845879,0.1011912573,-0.057026676,-0.194394113,1,fac1,1
v000589,0.0861613536,-0.079807817,-0.707858542,0.1841630858,-0.178567939,-0.06152363,1,fac3,-1
v000590,0.2627808779,0.4559247582,0.1652168372,0.1341404577,-0.113271854,0.0411813677,1,fac2,1
v000591,-0.149456404,0.0207410435,0.0237733298,0.0241309774,-0.077954486,-0.043897171,0,,
v000592,0.0025208536,-0.070487852,-0.060194833,-0.010489359,-0.021178107,-0.001481924,0,,
v000593,0.2842557865,0.3602862136,0.2078247764,0.0601558627,-0.056595606,0.0082500841,1,fac2,1
v000594,-0.31680094,-0.276604419,0.0215074558,-0.04751584,1.2077334288,-0.065837693,1,fac5,1
v000595,0.5461805402,-0.093883422,-0.167396035,-0.075032374,-0.041929716,0.0152468395,1,fac1,1
v000596,0.2353168602,-0.090006704,-0.248656049,-0.16033051,0.0717114327,0.1673155462,0,,
v000597,0.3030727766,0.0323355822,0.1304527737,-0.069871623,0.014052774,-0.007770447,1,fac1,1
v000598,0.6651150318,-0.089323892,-0.276598494,-0.15387032,0.0659656204,0.0317300221,1,fac1,1
v000599,0.5360374917,-0.134313704,-0.147856979,0.1369991288,-0.056082573,-0.111630347,1,fac1,1
v000600,-0.260506761,-0.134289422,-0.237107352,-0.079245398,-0.042471885,0.2352201377,0,,
v000601,0.025701508,-0.094779129,0.5213567304,0.0690401101,-0.062643822,-0.066524267,1,fac3,1
v000602,0.3157399853,0.2538347091,0.1356847092,-0.080406088,-0.103871576,0.399834915,1,fac6,1
v000603,0.4010658602,0.0109551224,0.1752393302,-0.038383808,-0.029262503,0.031335132,1,fac1,1
v000604,0.3260028989,0.004732356,-0.053684116,-0.210477149,-0.116208245,0.0370950428,1,fac1,1
v000605,-0.078267968,-0.263567628,-0.422679016,-0.104807376,0.0711131083,-0.082600904,1,fac3,-1
v000607,0.0581391875,-0.136968723,-1.158599259,-0.119254749,-0.291534699,-0.381320408,1,fac3,-1
v000608,0.404501722,-0.137643885,0.1866831033,-0.005226916,-0.024317249,-0.097404895,1,fac1,1
v000609,0.0511921483,-0.023557686,-0.180360022,-0.154420292,-0.048192765,-0.053826474,0,,
v000610,0.3658849993,0.0701667802,0.1612061421,-0.095486552,0.6353601002,-0.054423491,1,fac5,1
v000611,0.4786580776,0.1564066575,0.1103943334,-0.186047328,-0.025833873,0.0975226447,1,fac1,1
v000612,0.1777695149,-0.173401316,0.0296076373,0.8167422693,-0.078505423,-0.022221865,1,fac4,1
v000613,-0.536115112,-0.160593491,0.385302527,-0.679117756,-0.327833786,-0.170720726,1,fac4,-1
v000614,-0.017267866,-0.125724648,-0.257159373,-0.170167033,0.0040703575,-0.064412316,0,,
v000615,-0.087758586,-0.197549597,-0.388442212,-0.093877005,-0.173553772,-0.157176832,1,fac3,-1
v000616,-0.057167161,0.3900035733,-0.023500223,-0.162476128,0.8792466169,-0.071454261,1,fac5,1
v000617,-0.7351728,-0.403445883,-0.042631684,1.2238926251,-0.174531171,-0.10502747,1,fac4,1
v000618,0.0335968181,0.4421516227,0.2046543223,0.127308974,-0.136138812,-0.066041692,1,fac2,1
v000619,0.2981430421,0.4425310616,0.2693265513,-0.032383104,0.1016352238,-0.154990469,1,fac2,1
v000620,0.0658934705,0.2263757433,0.3007277052,0.6114668556,-0.078556875,-0.179587766,1,fac4,1
v000621,0.2196159355,-0.154047271,-0.259608062,-0.00067757,-0.087258476,1.2056202006,1,fac6,1
v000622,0.0671790826,0.1691657916,0.6573591822,-0.206677196,0.4969776053,-0.223225165,1,fac3,1
v000624,-0.292119651,0.4067863601,-0.322041094,-0.115638737,-0.059071836,0.0343406242,1,fac2,1
v000625,-0.240182443,-0.150544355,-0.001825988,-0.127891212,-0.160529235,1.0857321035,1,fac6,1
v000626,0.0051869108,0.3588807914,-0.208700502,0.0036684139,-0.110560443,0.9513175445,1,fac6,1
v000627,0.3702932809,0.0867017121,0.4249855621,0.0796477069,-0.042581326,0.0210832088,1,fac3,1
v000628,0.151420813,-0.133014865,0.4367898655,-0.002360442,-0.027352827,0.0605515152,1,fac3,1
v000629,-0.220035297,-0.285253927,-0.376193041,-0.170393751,-0.066649756,-0.122775772,1,fac3,-1
v000630,-0.571141864,0.4461717994,-0.238679798,-0.045895503,-0.124561761,1.2516857449,1,fac6,1
v000631,-0.335774817,-0.236109442,-0.334215622,-0.018432102,-0.141736468,-0.094165988,1,fac1,-1
v000632,0.304331429,0.0909168752,0.3394497289,0.1649748418,-0.053900336,0.0340933429,1,fac3,1
v000633,0.0293555485,0.5265400539,0.3527053471,0.1778451144,-0.073426709,-0.088836299,1,fac2,1
v000634,-0.092032376,-0.145047154,0.0431239713,0.406891806,-0.054848932,-0.073567493,1,fac4,1
v000635,-0.044513324,0.3893474043,0.4378201775,-0.00938007,0.0361670173,-0.135360792,1,fac3,1
v000636,0.313921646,0.1972332566,0.1237855546,-0.08255676,-0.017276023,-0.101682197,1,fac1,1
v000638,0.415850567,0.0625398013,-0.131360307,-0.07553854,0.361051466,0.2614644474,1,fac1,1
v000639,0.4846165168,-0.013707102,-0.165248521,-0.066009659,-0.170127241,-0.196832467,1,fac1,1
v000640,0.2116721253,0.4761450611,0.1156223454,-0.037120745,-0.100169879,0.0622406683,1,fac2,1
v000641,0.2486226499,0.3379245296,0.2802416257,-0.017612652,-0.064942488,-0.001590373,1,fac2,1
v000642,-0.67622184,-0.28025052,0.2903889647,-0.728134485,-0.28003747,-0.157737368,1,fac4,-1
v000643,0.3362978094,-0.014738799,0.1806263596,-0.184430726,-0.250157764,-0.081621348,1,fac1,1
v000644,0.4911072098,0.0387210155,-0.108078702,0.2647517999,-0.184029599,0.2472776716,1,fac1,1
v000645,-0.169261268,0.2058976387,-0.059348117,0.3708309383,0.2544064906,0.0992787342,1,fac4,1
v000646,0.4096105585,0.1260176859,-0.057507918,-0.142712629,-0.151682499,0.378269309,1,fac1,1
v000647,-0.284227938,-0.257064943,-0.075402776,-0.117295637,1.3095425202,-0.159412911,1,fac5,1
v000648,-0.001780488,-0.204513813,-0.45398994,-0.171675133,-0.009672842,0.0683586638,1,fac3,-1
v000649,-0.100924359,-0.341948462,-0.047794145,-0.089347793,-0.139102583,1.0996712915,1,fac6,1
v000650,0.4393035143,-0.119957895,-0.046959672,0.0548372958,-0.047821037,0.0331766306,1,fac1,1
v000651,0.4069900238,-0.062783866,0.1438672763,0.1902407823,-0.064205097,0.039330182,1,fac1,1
v000653,0.1729691017,0.1080207877,0.3903558555,0.0381021221,-0.037024723,0.0576108618,1,fac3,1
v000654,0.246161188,-0.051589967,0.4047299164,-0.136656546,0.0070367923,-0.006706966,1,fac3,1
v000655,0.5187971644,0.2398368874,0.0710223311,-0.068830198,0.0080589906,-0.069618068,1,fac1,1
v000656,-0.22278548,1.0281165847,0.1613991488,0.0449853038,-0.027924564,-0.081678989,1,fac2,1
v000657,-0.208690596,-0.287729945,-0.496241286,-0.069279121,-0.111686584,-0.066301396,1,fac3,-1
v000658,0.1787897644,0.0279813137,0.1836723383,0.0152372601,0.0014105192,0.0083815489,0,,
v000660,-0.173981014,-0.207533379,-0.329902613,0.0847859539,-0.122416443,-0.098568367,1,fac3,-1
v000661,-0.511670166,-0.181707561,-0.200001068,-0.192281641,-0.183796973,-0.109886956,1,fac1,-1
v000663,-0.379082597,-0.208240492,-0.014834254,-0.129582117,1.2352411086,-0.10046804,1,fac5,1
v000664,0.2548852485,0.3768511549,0.3028319266,0.1574133783,0.0092696369,-0.001417753,1,fac2,1
v000665,0.4647897941,-0.124465474,0.2795595543,0.0151332983,-0.004535135,-0.085604254,1,fac1,1
v000666,0.4437846368,-0.236589639,0.1202188927,0.4685102178,-0.130389252,-0.124871517,1,fac4,1
v000667,-0.416843629,-0.23220224,-0.289220068,-0.036742206,-0.156855053,-0.062241281,1,fac1,-1
v000668,-0.013141006,-0.216300145,0.2122662351,0.0607621867,-0.030938113,-0.073800672,0,,
v000669,-0.316946387,-0.347725729,0.3163447254,0.9647436498,-0.103431668,-0.023846248,1,fac4,1
v000670,-0.033876012,0.3311292058,0.2864692266,0.5753804979,-0.147009766,-0.159583245,1,fac4,1
v000671,0.4967599388,-0.179163369,0.2792757055,0.1917534896,0.634410157,-0.017911664,1,fac5,1
v000672,0.2442694672,0.1907548439,-0.100228593,-0.072921552,0.2969800891,-0.031126842,0,,
v000673,-0.566686379,-0.269721965,-0.255903584,-0.17094635,-0.130020172,-0.10663329,1,fac1,-1
v000674,0.42091219,0.167336885,0.2576159894,0.0159602369,0.6101618649,-0.097449755,1,fac5,1
v000675,0.1280624498,0.3497544539,0.4090694397,-0.282777924,-0.182678462,-0.015906961,1,fac3,1
v000676,0.1469535681,0.4600265291,0.2909087184,0.0046265171,-0.058282747,-0.060650594,1,fac2,1
v000677,0.5939384934,-0.136111508,-0.134804188,-0.048276,-0.077261368,0.1041398269,1,fac1,1
v000678,0.3807707263,-0.079809686,0.1606878708,0.075982104,0.1009263209,0.0197417332,1,fac1,1
v000679,0.5050590786,-0.027377673,-0.250039082,-0.020764186,-0.040316418,0.0353968039,1,fac1,1
v000680,0.299519412,0.3757625187,0.0667704989,0.0570069086,0.0158600151,-0.113539124,1,fac2,1
v000681,0.3996943954,-0.140588819,0.058975102,-0.187582285,-0.061292079,-0.027567966,1,fac1,1
v000682,-0.272922369,-0.283383571,0.0028452958,-0.042451477,-0.179296026,1.1592282981,1,fac6,1
v000683,-0.053933837,0.4723195781,0.3025207658,0.1431951867,0.0134566122,-0.120850078,1,fac2,1
v000684,0.3787839372,-0.08688902,-0.598074844,-0.07658901,-0.201870682,-0.30540618,1,fac3,-1
v000685,-0.003180726,0.1690294993,0.3922714146,0.3277155065,0.0141318559,-0.074558285,1,fac3,1
v000686,-0.159417604,-0.132262447,-0.273100253,0.0110384468,-0.085094772,-0.085245427,0,,
v000687,0.0688809231,0.0079710998,0.5118593089,0.0018634832,-0.099774014,-0.020443189,1,fac3,1
v000688,0.3209725403,0.3330383864,0.1177045773,-0.170125592,-0.120801567,0.5959162056,1,fac6,1
v000689,0.6525391705,-0.118318976,-0.131299729,-0.12898262,-0.07760923,-0.012446033,1,fac1,1
v000690,0.2455184524,0.1102927609,0.1879110514,-0.070000514,-0.091423589,-0.155192069,0,,
v000691,-0.530093798,1.3509765507,-0.151927262,-0.065275596,-0.01456339,-0.097477546,1,fac2,1
v000692,0.004328414,0.3783208746,0.0951327535,-0.133624213,0.8840784719,-0.048114775,1,fac5,1
v000693,0.0336695162,0.1467313194,0.2141063441,0.3843606105,0.3232590727,0.298649631,1,fac4,1
v000694,0.4893068294,-0.103864768,-0.213629638,-0.154720526,0.0100029762,0.0092722069,1,fac1,1
v000695,-0.389592536,-0.222648535,-0.147067866,-0.033723601,-0.037876571,0.0376146045,1,fac1,-1
v000696,0.0829829715,0.1705489408,-0.116166883,0.2792875998,-0.148515155,0.2477708464,0,,
v000697,0.2336175671,0.0857285044,-0.117836677,-0.012142342,0.3232295425,0.1884213043,1,fac5,1
v000698,-0.627510474,-0.343160441,0.3848729527,-0.797833648,-0.322464647,-0.118609115,1,fac4,-1
v000699,0.2233171359,0.1421889244,-0.116836937,-0.021036284,0.2350459293,0.2284716251,0,,
v000700,-0.57690413,1.3350271083,-0.085879937,-0.045402222,-0.024809303,-0.060732352,1,fac2,1
v000701,-0.111061481,-0.294795588,0.0046813547,-0.085421607,-0.135961926,1.0650098396,1,fac6,1
v000702,-0.625023898,-0.379962678,-0.28657599,1.0292307902,-0.196969101,-0.164338925,1,fac4,1
v000703,0.0359915915,0.1329624545,0.3949070577,-0.079803401,-0.033344105,0.0127076811,1,fac3,1
v000704,-0.262609499,0.3003470622,0.3542701955,0.6535223996,-0.061076518,-0.06627655,1,fac4,1
v000705,-0.358847969,-0.229872523,-0.304437112,-0.176884822,-0.087565154,-0.054266412,1,fac1,-1
v000706,0.4139579308,-0.003321477,-0.128307199,0.3220940006,-0.147455615,-0.129228698,1,fac1,1
v000707,0.0797193404,0.397645731,0.1628821677,-0.040791863,0.0269592394,-0.05473543,1,fac2,1
v000709,0.4046474556,0.2617591801,0.1535579599,-0.126127826,0.0003696085,-0.086793718,1,fac1,1
v000710,0.3159839727,0.3651293306,0.1494975723,0.2323149058,-0.102459884,-0.030711149,1,fac2,1
v000711,-0.063645391,0.0208567057,0.245912391,0.139644301,0.0199773361,0.0256150869,0,,
v000712,-0.030708218,0.4730155823,0.0738873981,-0.118944647,-0.052300434,-0.145928641,1,fac2,1
v000713,-0.06681236,-0.110398497,0.0897016328,-0.143801161,-0.099690995,1.048446089,1,fac6,1
v000714,-0.034942031,-0.189092308,-0.282308311,-0.182569996,-0.0466522,-0.03794757,0,,
v000715,0.4339985587,-0.059029718,0.3697122688,0.0311161036,0.0396122032,0.0859695752,1,fac1,1
v000716,-0.201347289,0.260783145,0.2647497076,0.0760776579,-0.140478761,0.0095036506,0,,
v000717,0.6437876447,-0.25655769,0.1606468465,0.1167237922,-0.035947656,0.6459205511,1,fac6,1
v000718,0.065595698,0.143982722,0.3703329466,0.5896822387,-0.098844084,-0.032204727,1,fac4,1
v000719,0.4127647647,-0.162937398,0.0618825892,0.1417449237,-0.064473689,-0.216101537,1,fac1,1
v000720,-0.178856745,-0.152032643,0.1021518994,-0.177640921,-0.171568731,1.0442958962,1,fac6,1
v000721,0.1588293601,0.3173777188,0.2746554971,-0.322324,-0.204054879,-0.088612812,1,fac4,-1
v000722,-0.142397986,-0.171601152,-0.10275043,-0.040523102,1.1888579862,0.2363347299,1,fac5,1
v000723,0.2578756452,0.1922987837,0.1095194809,0.0741888512,-0.132741548,0.0089237335,0,,
v000724,-0.402313672,-0.215318387,-0.022178766,-0.131028663,1.2546955319,-0.161878715,1,fac5,1
v000725,-0.021768495,-0.190468686,-0.307490712,-0.186262843,-0.12322304,-0.088956852,1,fac3,-1
v000726,0.6153433432,-0.23138561,0.0793377328,0.0132699168,-0.116517322,-0.095962016,1,fac1,1
v000727,0.5689673773,-0.140881892,-0.410553748,-0.091699658,-0.084265083,-0.25287444,1,fac1,1
v000728,0.0668345631,0.3470614563,0.2260883159,-0.01987958,-0.147025529,0.0762402428,1,fac2,1
v000729,-0.726642981,-0.295854409,0.3018260739,-0.700930749,-0.355167542,-0.159997093,1,fac1,-1
v000730,0.1665407119,-0.069298416,0.4458759895,-0.00002297,-0.099109719,-0.097589598,1,fac3,1
v000731,0.0990017841,0.1860596829,0.3787727976,-0.011406087,-0.077215686,-0.169367719,1,fac3,1
v000732,0.3461613665,0.2609077819,0.1748586621,-0.095630423,-0.024049054,0.5579589282,1,fac6,1
v000733,-0.028998207,-0.252985018,-0.242881353,-0.166918963,-0.085573117,1.276508324,1,fac6,1
v000734,-0.085361457,0.2093549671,0.1160645592,-0.039071785,-0.131435542,-0.187120978,0,,
v000735,0.4132589023,0.1022630268,-0.054513318,-0.199593197,-0.058379521,-0.066314566,1,fac1,1
v000736,0.1693383223,0.5311975605,0.251770307,0.1522954374,-0.025241258,-0.09510423,1,fac2,1
v000737,0.5522645099,0.1555334796,-0.053810783,0.016626051,-0.04951968,-0.055650191,1,fac1,1
v000738,0.1608122828,-0.145807076,-0.045255979,-0.102876513,0.0367255384,0.1487671849,0,,
v000740,-0.33825467,-0.169291051,-0.076970407,-0.123779964,1.2137998326,-0.129339099,1,fac5,1
v000741,0.1818362536,-0.103749612,0.3750978998,0.0103355786,-0.025039934,-0.06682748,1,fac3,1
v000743,0.2197615352,0.0547338105,0.0364330322,0.0115045856,0.0592490986,0.0158882506,0,,
v000744,0.1203153982,0.3370935022,0.1484799135,0.1858881303,-0.037364503,-0.046480221,1,fac2,1
v000745,-0.570361114,-0.358349075,0.2901080334,-0.766395268,-0.316870205,-0.1725858,1,fac4,-1
v000746,0.5042158191,-0.105643496,0.15479836,-0.164227677,-0.048236828,0.0011607751,1,fac1,1
v000748,-0.146067446,0.6700499724,0.2429642624,0.134616529,-0.027275439,-0.069827745,1,fac2,1
v000749,0.3268547095,0.3222741124,0.2655444053,-0.080668563,0.0036990852,-0.05634081,1,fac1,1
v000750,-0.743245359,-0.331494093,-0.141672917,1.1004829571,-0.185572521,-0.100935375,1,fac4,1
v000751,-0.591075209,1.4719751672,-0.052968868,-0.023504878,-0.028244806,-0.08946006,1,fac2,1
v000752,-0.021118582,-0.188935524,-0.455868858,-0.09156471,-0.055953279,-0.06835523,1,fac3,-1
v000753,-0.568137531,-0.198739206,0.2618142306,-0.667130971,-0.350930494,-0.150458868,1,fac4,-1
v000754,0.1365230435,-0.118758834,0.3468103369,-0.0145672,0.8205834415,-0.245806326,1,fac5,1
v000755,0.1770809244,-0.114563483,-0.027081335,-0.130074484,-0.027762014,-0.134381018,0,,
v000756,-0.010620371,-0.172516899,-0.265594235,-0.143567981,-0.131157709,-0.163584482,0,,
v000757,0.1756695766,0.3231768234,0.0399794596,0.329828775,-0.079444095,-0.155610663,1,fac4,1
v000758,-0.146152393,0.4023653515,0.1917625259,0.6285591703,-0.069689373,-0.150745697,1,fac4,1
v000759,-0.383010513,-0.248537042,0.0275282225,0.7490524867,-0.138838876,-0.112496695,1,fac4,1
v000760,0.1712518959,-0.119447138,-0.974459363,-0.09950412,-0.307712199,-0.350691297,1,fac3,-1
v000761,0.0780715533,0.0045831801,0.1437576559,0.0808109718,-0.176016015,0.2712372472,0,,
v000763,0.2306334766,0.192014324,0.1866158934,-0.039023664,0.0762442758,-0.082393564,0,,
v000764,0.2830670554,0.1683870313,0.1308837006,0.1818340153,-0.069731413,-0.089279373,0,,
v000765,-0.658970903,-0.303951722,0.2844916597,-0.77318675,-0.300952375,-0.150047652,1,fac4,-1
v000766,0.2446589898,0.1538152748,0.0906350786,-0.032873065,0.0346523766,0.0593082425,0,,
v000767,0.0799589417,-0.179963619,0.5748993423,0.5941574361,-0.030752647,-0.141280041,1,fac4,1
v000768,-0.039975837,0.2462222164,0.4215393746,0.462409401,-0.162633138,-0.157726086,1,fac4,1
v000769,0.4563507289,-0.054165392,0.256188436,0.0315528674,-0.171511401,-0.051106745,1,fac1,1
v000770,0.1436058236,0.0935745656,0.3107213276,0.0440538811,-0.04207279,-0.094204217,1,fac3,1
v000771,0.030545215,0.4471444643,0.2450458065,-0.073677143,-0.11000952,-0.114954205,1,fac2,1
v000772,0.380009368,0.1577591365,0.0414912558,-0.062894608,-0.203235665,0.3879947082,1,fac6,1
v000773,0.3285577496,0.1209699654,0.113245601,-0.061207756,-0.083404252,-0.042126628,1,fac1,1
v000774,0.3917228046,-0.041945397,0.2266685135,0.3883995989,-0.031775623,-0.117938205,1,fac1,1
v000775,-0.259443673,-0.263555781,-0.185845961,0.0610414994,-0.02002025,-0.099730335,0,,
v000777,0.12588092,0.0743831311,0.4442903962,-0.113454483,-0.107710247,-0.068796732,1,fac3,1
v000778,0.1264025008,0.3364918632,0.3329836986,0.0962927365,-0.097719509,-0.150751486,1,fac2,1
v000779,0.4360318894,-0.063638258,-0.052403204,-0.117096775,0.013915435,-0.114064818,1,fac1,1
v000780,0.0037914636,-0.146703007,0.4281829058,0.6642051906,-0.14258392,-0.134278329,1,fac4,1
v000781,-0.125606537,-0.134876534,0.4915648237,0.8438610561,-0.113350406,-0.031835739,1,fac4,1
v000782,0.3102284722,0.4517356112,0.1021340494,0.0049213727,-0.117477165,0.0099495647,1,fac2,1
v000783,0.0778583378,0.3516091417,0.5321633592,0.0792026209,0.6594714038,-0.244640003,1,fac5,1
v000784,-0.704099705,-0.331536443,0.2881554068,-0.77978954,-0.346290993,-0.194222159,1,fac4,-1
v000785,-0.076523817,-0.091629769,-0.155998497,-0.124079854,-0.08214067,-0.105926647,0,,
v000786,0.2492718885,0.383236806,0.2661455772,0.007463222,0.0168720284,-0.137571515,1,fac2,1
v000787,-0.416064567,-0.183725822,-0.33015861,-0.11973843,-0.149197471,-0.088357368,1,fac1,-1
v000788,0.0554584261,0.0256796801,0.2858973349,-0.055800653,-0.026126248,-0.019792897,0,,
v000789,0.3011967128,0.3881765053,-0.076556707,-0.186488267,0.5709143692,-0.168661313,1,fac5,1
v000790,0.5544410844,-0.168707069,-0.080805322,-0.137497142,-0.040446284,0.0097146539,1,fac1,1
v000791,-0.445583154,-0.243361844,0.0448911217,-0.124939611,1.247116639,-0.158692429,1,fac5,1
v000792,-0.701198178,-0.392308633,-0.109153116,1.034785997,-0.076338691,-0.093835914,1,fac4,1
v000793,0.4467589234,0.1443042418,-0.671220175,-0.052349532,-0.220829653,-0.30283384,1,fac3,-1
v000794,0.4863017258,0.2321066916,-0.121567001,-0.097239952,-0.106563381,-0.1260532,1,fac1,1
v000795,-0.391391215,-0.211286784,-0.245844505,-0.206371441,-0.089255662,-0.106215982,1,fac1,-1
v000796,-0.015252624,0.1556878025,0.3863985179,0.3115849913,0.0003183993,-0.055042222,1,fac3,1
v000797,0.3903813737,-0.33949482,0.4032189623,-0.202167713,0.5010195097,-0.124388278,1,fac5,1
v000798,-0.164769328,0.0324139443,0.2466937358,0.0344556585,-0.026283284,-0.087778045,0,,
v000799,0.2792945458,0.4351553433,0.0904169793,-0.168128427,-0.091283269,-0.09615224,1,fac2,1
v000801,-0.550600833,1.4438514828,-0.061909511,0.0192200558,-0.041211165,-0.015988071,1,fac2,1
v000802,-0.015066096,-0.137852242,-0.016579179,-0.026267599,-0.099815226,-0.084828157,0,,
v000803,-0.001516797,-0.135671277,-0.378328738,-0.051883688,0.0152609352,-0.037720543,1,fac3,-1
v000804,-0.107953042,-0.167974339,-0.149146085,-0.174646349,0.0260474943,-0.102324151,0,,
v000805,-0.100615819,-0.143525234,-1.037560019,-0.142967289,-0.256496737,-0.367579338,1,fac3,-1
v000806,-0.124425948,-0.122396974,-0.312395767,-0.090184753,0.075419154,0.2604009779,1,fac3,-1
v000807,0.1558028147,0.1654390105,-0.027969775,0.3997870876,-0.128986591,-0.146759813,1,fac4,1
v000808,0.2578675925,0.2721082358,0.3106940158,0.1292627209,-0.084745072,0.0505619665,1,fac3,1
v000809,-0.208690596,-0.287729945,-0.496241286,-0.069279121,-0.111686584,-0.066301396,1,fac3,-1
v000810,0.3282646111,0.2395658626,0.2612361599,-0.006322393,0.118336355,-0.083719183,1,fac1,1
v000811,-0.511264002,1.2132840216,0.0086249148,-0.023136519,-0.064098619,-0.062005456,1,fac2,1
v000813,-0.150985949,-0.080689994,-0.102303897,-0.052575191,-0.060950767,0.0500178019,0,,
v000814,0.2350577771,-0.147941506,-0.13943544,-0.062774403,-0.086592775,-0.05150888,0,,
v000815,-0.099940362,-0.087439448,-0.253910419,-0.119073857,0.0741173321,0.0572151925,0,,
v000816,0.1391281642,-0.027758382,0.036681466,-0.148583482,0.022323839,-0.023861437,0,,
v000817,0.1768139898,0.0873182169,0.0853104296,0.3442615153,0.4539276586,0.4320031591,1,fac5,1
v000818,0.3397153191,-0.155263515,-0.382005426,-0.081316849,-0.012171007,0.007314572,1,fac3,-1
v000819,-0.192221491,-0.133841965,-0.284102378,-0.014706579,0.0136489913,-0.09479797,0,,
v000820,0.014607697,0.3840178619,-0.144793227,-0.161467587,-0.06592453,-0.081047407,1,fac2,1
v000821,-0.238002004,-0.289783219,0.0110257138,-0.203972841,-0.158148911,1.1232185639,1,fac6,1
v000822,0.2531020041,0.4166273523,-0.004861033,0.0014622886,-0.183081433,-0.184789395,1,fac2,1
v000823,-0.043040381,0.4255577008,0.4035037795,0.0048227511,-0.006913125,0.0457714582,1,fac2,1
v000824,0.1667252283,-0.196210804,-0.294882631,-0.108712278,-0.095646046,-0.098967014,0,,
v000825,0.7059890073,-0.172844689,0.0819354623,0.0232690761,-0.004848156,-0.079559258,1,fac1,1
v000826,0.4793656122,-0.109791849,0.060865065,0.1188903409,-0.012260613,-0.100070856,1,fac1,1
v000827,0.3658312569,0.2235788651,0.0477163378,-0.017186195,-0.127272637,0.009103311,1,fac1,1
v000828,0.0096474174,-0.126576369,-0.321248016,-0.145155485,-0.060804309,0.0028725281,1,fac3,-1
v000829,0.2298348504,-0.130004422,0.3105649025,0.6454646697,-0.087716897,-0.167868365,1,fac4,1
v000830,0.3745624944,0.1703697771,-0.021066912,0.0368606972,-0.043948191,-0.029634859,1,fac1,1
v000831,-0.401226618,-0.26153236,-0.289666273,-0.094692308,-0.124016638,-0.115283008,1,fac1,-1
v000832,-0.445163057,-0.230958271,0.0969748282,0.8626829135,-0.143258091,-0.096064487,1,fac4,1
v000833,0.2373762418,0.2805029613,-0.194218628,0.0381710907,-0.037782774,-0.098702298,0,,
v000836,-0.379281829,-0.163258675,-0.299540567,-0.174212546,-0.002670776,-0.069904672,1,fac1,-1
v000838,-0.166990121,0.3910431199,0.3034829639,0.4575967784,-0.090427181,-0.201919369,1,fac4,1
v000839,0.2187330832,0.2750456582,0.0854353177,0.0472059188,-0.014012572,-0.043084438,0,,
v000840,0.1267121255,0.3094204643,0.2976660851,0.0760788168,-0.019172451,-0.015927224,1,fac2,1
v000841,0.1205459509,0.5318565477,0.2380343837,0.0728707802,-0.059717274,-0.069260377,1,fac2,1
v000842,-0.496501901,-0.172316556,-0.233846376,-0.262109799,-0.153861495,-0.153737561,1,fac1,-1
v000843,-0.721854719,-0.297083157,0.2933027335,-0.765987212,-0.365538942,-0.188646265,1,fac4,-1
v000844,0.2235984341,-0.026671717,0.4835724682,-0.031909668,-0.078697336,-0.085815779,1,fac3,1
v000845,-0.099907536,-0.010507624,0.4575491126,-0.026571944,-0.072662937,-0.047556997,1,fac3,1
v000846,-0.076704577,0.3449914227,0.6635811481,-0.293593422,-0.257532192,-0.199381845,1,fac3,1
v000847,-0.702132139,-0.344360888,0.2862840756,-0.753078175,-0.358770661,-0.145105525,1,fac4,-1
v000848,0.1330800059,0.305943209,0.4372639907,0.1251020187,-0.075557267,-0.091386912,1,fac3,1
v000849,0.3828914447,-0.087857545,0.3117629148,-0.031902373,-0.076650277,-0.06122945,1,fac1,1
v000850,-0.146695286,-0.157053435,-0.400461246,-0.130662625,-0.031664785,0.0558909064,1,fac3,-1
v000851,0.3904387161,-0.196994363,-0.003771261,0.1547791452,0.008907333,-0.041184804,1,fac1,1
v000853,0.6046311708,-0.187527133,-0.140869486,-0.074669239,-0.012778138,-0.113677821,1,fac1,1
v000854,0.1721836866,0.3123603524,0.4217033831,-0.007455145,-0.012668862,-0.003970316,1,fac3,1
v000855,0.0663801799,-0.033652064,0.5695494209,-0.399157552,-0.15869441,-0.189105385,1,fac3,1
v000856,0.211581113,0.0989133846,0.4740114127,-0.05618154,-0.104622748,-0.031714488,1,fac3,1
v000857,0.1852753987,0.295484344,0.2713391237,0.0102194138,-0.025075932,-0.133073988,0,,
v000858,0.3216484623,0.3681538565,-0.02028009,0.1208564568,-0.139933745,0.0531164479,1,fac2,1
v000859,0.2339283007,-0.070367634,-0.190577399,-0.195902767,-0.077916561,-0.060499115,0,,
v000860,-0.138938169,-0.069757245,-0.090149253,-0.095140889,-0.153976537,-0.108074221,0,,
v000861,-0.5199084,-0.226901471,-0.197266839,-0.070154384,-0.14463245,-0.114482952,1,fac1,-1
v000862,0.0317055118,0.2614235933,0.5303345031,-0.272268531,-0.216658999,0.0243923121,1,fac3,1
v000863,-0.128552743,-0.158134484,-0.285143914,-0.113757636,0.0399275644,-0.004620734,0,,
v000864,-0.402015662,-0.236420837,0.0387854328,-0.142987641,1.294311022,-0.178968055,1,fac5,1
v000865,0.6853654078,-0.206056127,-0.136018592,-0.008720415,0.3980628719,0.3115014011,1,fac1,1
v000867,0.3624245584,0.2241836373,-0.0923704,-0.089871687,-0.043267235,-0.086915581,1,fac1,1
v000868,-0.276678052,-0.264743922,-0.096023238,-0.064389516,1.2112319365,-0.176751035,1,fac5,1
v000869,0.3480178672,0.0086039037,0.293061709,0.1806147825,-0.056828118,-0.00274048,1,fac1,1
v000870,-0.092609105,0.0072487426,-0.146464502,0.1355696522,-0.087798998,-0.042653,0,,
v000871,0.1735166301,0.2778806118,0.2771547659,0.1450176499,-0.104575321,-0.079647763,0,,
v000872,-0.035616739,0.0798146934,0.5962358569,0.1812123978,-0.079433979,-0.165395079,1,fac3,1
v000873,0.196893742,-0.077769684,-0.214056727,-0.122563066,-0.037839092,-0.007090033,0,,
v000874,-0.614614917,-0.435894206,-0.362081291,1.0782549082,-0.221368909,-0.118001562,1,fac4,1
v000875,-0.107808753,0.0677655865,-0.096787329,0.1278744206,0.1573141805,0.112883569,0,,
v000876,0.4964719705,-0.149979291,0.212592037,-0.069285297,0.0030061276,-0.008190902,1,fac1,1
v000878,0.4486840956,-0.182898733,-0.062671293,-0.103410982,-0.047607154,0.754855726,1,fac6,1
v000879,0.0593603225,0.4085278018,0.0088195089,-0.151130298,-0.32991811,-0.020420687,1,fac2,1
v000880,0.4366403373,-0.102314607,0.0523425334,-0.079068376,-0.045140927,0.0206644862,1,fac1,1
v000881,0.6110141626,-0.062789956,0.0846686911,0.0361513845,-0.02553085,0.0199607209,1,fac1,1
v000882,0.5095267413,-0.127113852,-0.011688458,-0.155468159,0.0046109475,-0.009677748,1,fac1,1
v000883,0.4584993637,-0.00030683,0.0993565344,-0.102427713,-0.017380678,-0.105055924,1,fac1,1
v000884,-0.390927634,-0.12033362,0.2768000333,-0.573432032,-0.330289505,-0.169928968,1,fac4,-1
v000885,0.0278820482,-0.121856962,-0.233415258,-0.015859587,-0.112955471,-0.10802923,0,,
v000886,0.3021775041,0.2685628033,0.1316970907,-0.021525313,-0.125343165,-0.089114697,1,fac1,1
v000887,0.2536773677,-0.09959372,-0.313630247,-0.059463067,-0.025061484,0.0275840765,1,fac3,-1
v000888,0.4050228943,0.3510761417,0.043272246,-0.080178998,0.0282189188,-0.066328689,1,fac1,1
v000889,-0.634004846,-0.347721336,0.281252191,-0.764259729,-0.346343137,-0.186630311,1,fac4,-1
v000890,-0.024790292,0.5990614427,0.2086261739,0.015608351,-0.047484125,-0.013944277,1,fac2,1
v000891,-0.541198446,-0.33855549,0.2952962872,-0.762992078,-0.295282092,-0.138774107,1,fac4,-1
v000892,0.2875990976,0.5628206738,-0.657746056,-0.093131039,-0.175238784,-0.226102747,1,fac3,-1
v000893,-0.204329155,-0.062334217,0.0640130897,-0.101029422,-0.060836567,-0.05130016,0,,
v000894,-0.4913901,0.1423356388,-0.234676673,-0.023661936,-0.122987077,-0.113221772,1,fac1,-1
v000895,-0.364605258,-0.289852288,-0.453825297,-0.073260625,-0.151339155,-0.083127698,1,fac3,-1
v000896,-0.044654386,0.3357472638,0.4323942086,-0.189658844,0.3325377031,-0.020493459,1,fac3,1
v000897,0.1945753052,0.5198692201,0.2270205829,0.0335106812,0.0016953322,-0.084761433,1,fac2,1
v000898,-0.091913035,0.6664836535,0.1949352065,-0.071841945,-0.114614693,-0.126474429,1,fac2,1
v000899,-0.0296832,0.4351833383,0.4326943527,0.0739019816,0.4173478247,-0.054442342,1,fac2,1
v000900,-0.572159621,1.4198589466,-0.20912859,-0.049844402,-0.017524556,0.0066680919,1,fac2,1
v000901,0.0851718492,0.1247221702,-0.24981741,0.3094405582,0.2040067585,0.1274702624,1,fac4,1
v000902,-0.444993909,-0.127249697,0.2475403148,-0.619701994,-0.318474866,-0.153458993,1,fac4,-1
v000903,0.330643625,0.1219823591,0.1795793771,-0.116081278,-0.053584306,-0.044035305,1,fac1,1
v000904,0.1438303381,0.2429733955,-0.08840376,0.3950423802,-0.255531573,-0.061328801,1,fac4,1
v000905,-0.13034548,-0.239160425,-0.115904283,-0.115155862,-0.119137877,1.1841338602,1,fac6,1
v000906,0.1571179785,0.0471006175,0.2466985823,-0.106484867,-0.32005917,0.3177871521,1,fac5,-1
v000907,0.1056158715,0.0001501684,-1.003335605,-0.090092693,-0.242385015,-0.26153742,1,fac3,-1
v000908,0.3050960426,-0.286122252,-0.185443606,-0.13598818,-0.101369279,0.9148643929,1,fac6,1
v000909,0.1422698397,0.2584184612,0.4838940642,0.1052271321,-0.133683512,-0.116862728,1,fac3,1
v000910,0.5136297538,-0.083920199,0.2666246665,0.047344677,-0.068067742,-0.022961318,1,fac1,1
v000911,-0.031040517,-0.136067106,-0.365936195,-0.176264453,-0.044355047,0.0229503048,1,fac3,-1
v000912,0.1179864916,0.4243157465,0.1216100366,0.1729137598,-0.130648823,-0.04088806,1,fac2,1
v000913,-0.000055544,-0.247923302,0.0191445796,-0.046167971,-0.112410605,1.0798452165,1,fac6,1
v000914,0.5050964001,-0.071985344,0.1260807129,-0.039203908,-0.074462095,-0.193390929,1,fac1,1
v000915,0.3310708059,-0.031972969,0.0657361492,-0.005195178,0.0107724286,-0.054920205,1,fac1,1
v000916,-0.159589428,0.1549930395,0.1762767279,0.4434344303,0.220175111,-0.098449814,1,fac4,1
v000917,0.4746636358,-0.131970659,0.0517771212,-0.056080191,-0.043434576,0.0615638454,1,fac1,1
v000918,0.4365190557,0.0873655882,-0.029246769,-0.396284178,-0.044967962,-0.144040301,1,fac1,1
v000919,0.4772998987,-0.058906005,0.275754742,0.1285624466,-0.026586173,-0.063693183,1,fac1,1
v000920,-0.015547263,-0.037632419,-0.134973134,-0.089287558,0.0653496246,0.0099277273,0,,
v000921,-0.315421199,-0.163181889,-0.278291171,-0.112313368,-0.071423949,-0.036805456,1,fac1,-1
v000922,0.2248133039,-0.202805033,-0.040198454,-0.160968753,-0.065746965,-0.052889694,0,,
v000923,0.3699222825,-0.056173809,-0.430919737,-0.05207734,-0.124095895,-0.283754854,1,fac3,-1
v000924,-0.147237088,-0.182634779,-0.275753799,-0.193107652,-0.071253218,0.0511999501,0,,
v000925,-0.072340015,-0.155659232,-1.006967319,-0.128692609,-0.298170084,-0.435822944,1,fac3,-1
v000926,-0.020902311,-0.080018841,0.4524659437,0.4810000749,-0.002853094,-0.018124493,1,fac4,1
v000927,0.1754070901,0.1275006613,0.5514676951,0.2844344683,-0.048250121,0.1630766899,1,fac3,1
v000928,0.1292002073,0.4372112793,0.1325020647,-0.084717373,-0.059202085,-0.03361605,1,fac2,1
v000929,0.4596436129,0.2963654474,0.0636720406,-0.040891009,-0.054260305,-0.090410473,1,fac1,1
v000930,0.2593864078,0.024132504,0.1925912885,0.0022144778,-0.059013226,-0.197934981,0,,
v000931,0.3370829237,0.3669249527,0.078296876,-0.216483011,0.6301121701,0.0259108328,1,fac5,1
v000932,0.2543960432,0.1278607731,-0.137292982,0.0937554446,-0.156430231,-0.257961759,0,,
v000933,0.2759812106,-0.006892679,0.2244111009,-0.197983249,-0.075648835,-0.002388125,0,,
v000934,0.0075587925,0.3454360554,0.2092632506,0.5224237585,-0.144068631,0.0202003002,1,fac4,1
v000935,0.5000106313,0.2032722429,-0.026798697,-0.02456702,-0.095195806,0.4125088981,1,fac1,1
v000936,0.0581640543,0.3412205422,-0.116389193,0.4365343668,-0.124354346,0.0348501949,1,fac4,1
v000938,-0.239225734,-0.214810675,-0.21561884,-0.133283228,-0.091661046,-0.034548377,0,,
v000939,0.0048870451,0.378063042,0.4194801757,-0.002319168,-0.092784232,0.0286607171,1,fac3,1
v000940,-0.357680147,-0.174028131,-0.058646903,0.0629355316,-0.130321627,1.2904734706,1,fac6,1
v000941,0.1293268741,-0.081825566,-0.744342774,0.0388206573,-0.170935429,-0.214354372,1,fac3,-1
v000942,-0.343066022,-0.204973218,-0.192837725,-0.153782013,-0.003461292,-0.021836862,1,fac1,-1
v000943,0.4572541117,-0.004267079,0.3118941504,0.0586397839,0.0543678621,-0.066714679,1,fac1,1
v000944,0.4254840708,-0.022721863,0.318961658,0.2858141913,-0.049214674,0.0236768054,1,fac1,1
v000945,0.5778514758,-0.014738516,0.1726161265,0.0120106612,-0.018469136,0.0145276415,1,fac1,1
v000946,0.4899044535,0.2723163586,0.3034389279,0.1667777866,0.0913623574,0.083690009,1,fac1,1
v000947,0.3910114644,0.0846596752,0.1542133533,0.0011967332,-0.13556481,-0.003623154,1,fac1,1
v000948,0.2729747258,0.263690116,-0.09008523,0.1647879473,-0.095549034,-0.084113907,0,,
v000949,-0.015692454,0.1771997433,-0.09933,0.2593626506,-0.241808843,0.1403557339,0,,
v000950,-0.249574292,-0.061091737,0.3544266082,0.2904074682,-0.041114734,-0.062469167,1,fac3,1
v000951,-0.223013642,-0.247931408,-0.062632984,-0.043313391,1.1575828748,-0.115742171,1,fac5,1
v000952,-0.237563744,-0.130396314,-0.204425142,-0.188530876,-0.127016673,-0.056442929,0,,
v000953,0.4994943207,-0.040934042,0.3460601586,0.0906969578,-0.006077,-0.049020581,1,fac1,1
v000954,0.412626156,-0.090762115,0.1412839995,0.0506073187,-0.13800456,-0.030349885,1,fac1,1
v000956,0.2471613787,-0.201436877,0.2144438628,-0.401996169,-0.135359197,-0.082251828,1,fac4,-1
v000957,0.2020476186,-0.12081142,-0.117287161,-0.187792355,-0.079620987,-0.072536916,0,,
v000958,0.3144790976,0.3179561062,-0.298528575,0.0559960723,-0.10892314,-0.222793992,1,fac2,1
v000959,-0.332592564,-0.326315445,-0.139037488,-0.057834903,-0.127293888,1.3783890943,1,fac6,1
v000960,-0.185612215,0.1333835301,0.1461355511,0.0605535478,-0.078786872,0.0063902756,0,,
v000961,-0.142848922,-0.227077971,-0.167006162,-0.129598653,-0.140002201,1.3056936265,1,fac6,1
v000962,0.4936731793,-0.155982515,-0.816612603,-0.029480058,-0.256523269,-0.179932245,1,fac3,-1
v000963,0.3061553213,0.1678238283,-0.043239862,0.3522067772,-0.15580249,-0.171122048,1,fac4,1
v000964,0.5640560731,-0.052786496,-0.081988722,0.1271250757,-0.119160728,-0.295532631,1,fac1,1
v000965,0.0107262444,-0.002154707,0.4915461447,0.4325709927,-0.109233363,-0.067617688,1,fac3,1
v000966,0.3105340406,0.3644098957,0.1010837927,-0.073065643,-0.143087752,-0.001846931,1,fac2,1
v000967,0.4093414513,-0.052802546,-0.086633474,-0.031113588,-0.08448742,-0.120723674,1,fac1,1
v000968,0.1726835766,0.3422425493,0.1904349753,-0.106654644,-0.100930754,-0.070941241,1,fac2,1
v000969,0.0831065532,-0.392983196,0.5518065299,0.7197705951,-0.118612642,0.7265646428,1,fac6,1
v000970,-0.045433533,0.0522032966,0.4814845045,0.8292139122,-0.09336713,-0.122135519,1,fac4,1
v000972,-0.016885995,0.3080834713,0.1772606902,0.4807697741,-0.120383326,-0.105573276,1,fac4,1
v000973,0.3847764423,-0.094526488,0.1583692474,0.0519253419,-0.076349267,-0.044170494,1,fac1,1
v000974,0.2866056405,-0.186499268,-0.110445793,-0.090827036,-0.06078767,-0.128835633,0,,
v000975,0.3323742707,-0.171749612,0.0769917352,0.1118929813,-0.000223893,-0.086092776,1,fac1,1
v000976,-0.621805623,-0.356605981,-0.216101364,1.100511932,-0.21479563,-0.099170001,1,fac4,1
v000977,0.5355591351,-0.122834128,-0.009891197,-0.113136239,0.0186110128,-0.046218666,1,fac1,1
v000978,0.1829683057,0.4270440846,0.3603709765,0.0310929463,-0.030778642,-0.045996663,1,fac2,1
v000979,0.2366394419,-0.080276964,-0.237259148,-0.156690139,-0.035955191,-0.012595529,0,,
v000980,0.0587354883,0.3998965855,0.4323545303,0.1881093502,-0.115832112,0.0018462948,1,fac3,1
v000981,-0.187107101,-0.168414243,-0.167536529,-0.054239486,-0.144775427,1.2586695467,1,fac6,1
v000982,-0.346344474,-0.281301038,-0.265634312,-0.149708073,-0.092827927,-0.080754235,1,fac1,-1
v000983,-0.518449169,-0.220219628,-0.204557782,-0.275300677,-0.150743792,-0.182452278,1,fac1,-1
v000984,0.3738256776,-0.037869563,0.2736166827,0.0942791291,-0.053438839,-0.11162913,1,fac1,1
v000985,0.2945562994,0.2489127877,0.1723114183,-0.018345399,-0.112616654,0.4648165237,1,fac6,1
v000986,0.2869708181,-0.18095112,0.3640778518,0.0247782042,-0.072586475,-0.117463008,1,fac3,1
v000987,0.0096699074,0.240962014,0.3408590891,0.6106689236,-0.076825701,-0.042844177,1,fac4,1
v000988,-0.082969081,-0.251964598,0.4468550018,0.8914871728,-0.052296605,-0.086571868,1,fac4,1
v000989,-0.366237914,-0.309392693,0.283980889,1.1089662344,-0.028051463,-0.023298901,1,fac4,1
v000990,0.0076579637,0.3380231372,0.2653226944,0.5631628262,-0.086058944,-0.123486557,1,fac4,1
v000991,0.4058711392,0.1136633743,0.0097990367,-0.128585778,-0.061562248,-0.127817072,1,fac1,1
v000992,0.5336682444,-0.074328593,0.323212467,-0.035229661,0.0653771442,-0.117731924,1,fac1,1
v000993,0.4865809093,-0.077145689,-0.027483455,-0.036394452,-0.038982052,-0.017182186,1,fac1,1
v000994,0.6380946095,-0.163822262,0.0052019507,-0.181946854,-0.026457803,-0.067515181,1,fac1,1
v000995,0.041163965,0.0337139107,0.5039627002,0.2597033103,-0.024793409,-0.123244079,1,fac3,1
v000996,0.2388006543,0.1870936088,-0.150110513,0.0846473971,-0.160625598,-0.2654108,0,,
v000997,0.2410018972,0.3784450985,0.2361958482,-0.074801541,-0.074787185,-0.090676612,1,fac2,1
v000998,-0.323739522,-0.05754475,-0.140832617,-0.17637856,-0.050836966,-0.029143984,1,fac1,-1
v000999,0.5676676199,0.1777058552,-0.147418765,-0.113564354,-0.114237004,-0.061604261,1,fac1,1
v001000,0.3525847823,0.0433296967,0.3170618636,0.1621106369,-0.050649863,0.0556294963,1,fac1,1
v001001,-0.699400209,-0.348236016,0.2891351332,-0.735772575,-0.365285847,-0.175247915,1,fac4,-1
v001002,0.0562179852,0.0697480742,0.3439264638,0.0750499004,-0.030436509,-0.034831213,1,fac3,1
v001003,0.3014468958,-0.003669219,0.1826346715,-0.082300639,-0.010662741,-0.042587648,1,fac1,1
v001004,-0.486734921,-0.123307196,-0.152876194,-0.130756018,-0.154426307,-0.098120475,1,fac1,-1
v001005,-0.470483942,-0.173673564,-0.232960987,-0.262299692,-0.129236678,-0.179405803,1,fac1,-1
v001006,0.4023957665,-0.064651508,0.0359148365,-0.020869248,-0.010896488,0.0495145314,1,fac1,1
v001007,-0.34003566,-0.176917659,-0.06654845,-0.124756815,1.1859671149,-0.123561083,1,fac5,1
v001008,-0.124458483,-0.170363957,-0.067845735,-0.14596673,-0.08798054,-0.116503657,0,,
v001009,-0.433569505,0.0399711608,-0.107562568,0.1446108684,0.0006281095,-0.03739489,1,fac1,-1
v001010,0.0878720718,0.5514858881,0.2369974146,-0.024711165,-0.031723391,0.0178435638,1,fac2,1
v001011,0.2929687629,0.2429305669,0.0802184069,0.0848956645,0.4986299474,-0.107429358,1,fac5,1
v001012,0.5552989235,-0.098096715,-0.253813834,-0.101073037,0.0073189866,-0.052929272,1,fac1,1
v001013,0.2212587854,-0.135848048,0.3927702136,0.1888056106,-0.018768062,-0.055101729,1,fac3,1
v001014,0.2640893999,0.048023951,-0.017732003,0.3853118987,-0.208826557,0.4053965502,1,fac6,1
v001015,0.4054877274,-0.217883648,-0.45491224,-0.141732793,-0.09895871,-0.110145662,1,fac3,-1
v001016,-0.092261543,-0.074549621,0.4613364279,0.5175154404,-0.089457068,-0.102952697,1,fac4,1
v001017,0.2291119564,0.1128315057,0.5059430646,0.0374807415,-0.0839115,-0.142124635,1,fac3,1
v001018,0.3820105968,-0.115037267,-0.778101803,-0.108025036,-0.188117512,-0.255042795,1,fac3,-1
v001019,-0.269935479,0.387934087,-0.036076338,-0.060814848,-0.086229158,1.0605012737,1,fac6,1
v001020,0.2378225562,-0.04241867,0.5294746809,0.1920019658,-0.112488513,-0.092240173,1,fac3,1
v001021,0.2800772023,-0.095752667,0.5556494593,0.1556273559,-0.052873824,-0.134811509,1,fac3,1
v001022,0.247942916,0.1749213403,-0.125644228,0.4940909701,-0.217880371,-0.215795655,1,fac4,1
v001023,0.063883055,0.1295036814,0.1693450311,0.3448125034,-0.000160405,0.0086777696,1,fac4,1
v001024,-0.283570799,-0.267487641,-0.35016173,-0.214011429,-0.082573259,-0.146157396,1,fac3,-1
v001025,-0.277629685,0.4120320903,0.1172626222,-0.107013259,-0.108871881,0.9640807838,1,fac6,1
v001026,-0.152474843,-0.104049609,0.2649887594,0.9321509971,-0.073966888,0.0076961204,1,fac4,1
v001027,0.1861335048,0.3205357706,0.2539796533,0.3001740625,-0.063856849,-0.001520951,1,fac2,1
v001028,-0.325053399,-0.244490589,-0.051876832,-0.139512189,1.2713142157,-0.12005878,1,fac5,1
v001029,-0.565594903,-0.221466756,-0.159195438,-0.039818124,-0.12942867,-0.081429026,1,fac1,-1
v001030,0.5059835236,0.1267952404,-0.031431611,0.0777607402,-0.088931026,0.0866862844,1,fac1,1
v001031,-0.296674371,-0.129112295,-0.046502848,0.0123352936,-0.211979967,1.2635249222,1,fac6,1
v001032,0.1719423468,-0.123136386,0.3976274219,0.5498287798,0.4939621426,-0.046980291,1,fac4,1
v001033,0.4034322462,-0.063683019,0.1977218345,-0.090307632,-0.024087961,0.019630156,1,fac1,1
v001034,0.6605271176,-0.202246016,-0.129364499,-0.064313453,-0.061867892,-0.110210324,1,fac1,1
v001035,-0.062079671,-0.147286227,-0.246819655,-0.039000874,0.0231424672,-0.037677856,0,,
v001036,0.0463142524,0.1077776391,0.4241502296,0.2097556718,0.031392929,-0.145407414,1,fac3,1
v001037,0.5570682606,-0.154185446,-0.236728755,-0.11095812,-0.047347397,-0.004673885,1,fac1,1
v001038,0.5511228922,0.0347903585,0.00403064,-0.086980518,-0.034388579,-0.157037103,1,fac1,1
v001039,0.4704754818,0.1127787369,0.1929717878,-0.001373273,0.0908700827,-0.057766577,1,fac1,1
v001040,0.1557026293,0.1053879379,-0.18750456,0.2673109957,0.2379482001,0.1649130346,0,,
v001041,-0.014681174,0.4140108668,0.3483991015,0.2363383472,-0.042676397,-0.064155186,1,fac2,1
v001043,-0.333381029,-0.239297467,-0.025923104,-0.110802226,1.206842668,-0.09712815,1,fac5,1
v001044,-0.189928768,0.8454123447,0.3424130569,0.0511696499,-0.094079864,-0.08405332,1,fac2,1
v001045,0.0358003385,-0.134324052,-0.278347426,0.0416909023,-0.012817016,0.0404367907,0,,
v001046,0.0378228714,0.4061053512,0.3305530425,-0.065561377,-0.007760948,-0.196178918,1,fac2,1
v001047,-0.001771039,0.1659643606,0.4151579735,0.3115290178,0.019462076,-0.081138955,1,fac3,1
v001048,-0.126282711,0.2600144985,0.0354014693,0.1505570455,-0.074200503,-0.039855673,0,,
v001049,0.1774702526,-0.068880364,-0.260165781,0.0010980919,0.0273113132,0.1616496214,0,,
v001050,-0.334030331,-0.172581251,-0.384133504,-0.173459977,-0.066306515,-0.061465105,1,fac3,-1
v001051,0.4476725632,-0.102464986,0.2445989495,-0.162992755,-0.042724717,-0.042630339,1,fac1,1
v001052,0.4955724214,-0.183886176,0.1596687151,-0.338897741,-0.123224543,0.0445419624,1,fac1,1
v001053,0.2987436688,0.2442467432,0.1612087376,0.1080732401,-0.120752045,0.060490629,0,,
v001054,0.0408139996,-0.226331709,0.1934852772,0.1215364389,-0.115442047,-0.032254299,0,,
v001055,-0.326859964,-0.291179753,-0.076691309,-0.083258869,-0.12653952,1.2321034946,1,fac6,1
v001056,-0.337683167,-0.263316251,-0.066444335,-0.097717216,1.2638379674,-0.17580757,1,fac5,1
